p_date,f_date,speed,temp,rad,precip,cos_wind_dir,sin_wind_dir,wind_dir,scenario_legacy,file_creation_date
2021-10-18 00:00:00,2021-10-18 00:00:00,4.2,18.7,0,0,0.3583679495453004,0.9335804264972017,69,S1,2021-10-18 08:00:00
2021-10-18 00:00:00,2021-10-18 01:00:00,2.8,17.9,0,0,0.3583679495453004,0.9335804264972017,69,S1,2021-10-18 08:00:00
2021-10-18 00:00:00,2021-10-18 02:00:00,2.7,17.6,0,0,0.4539904997395468,0.8910065241883678,63,S1,2021-10-18 08:00:00
2021-10-18 00:00:00,2021-10-18 03:00:00,3.2,17.5,0,0,0.5591929034707468,0.8290375725550417,56,S1,2021-10-18 08:00:00
2021-10-18 00:00:00,2021-10-18 04:00:00,3.3,17.4,0,0,0.5150380749100543,0.8571673007021122,59,S1,2021-10-18 08:00:00
2021-10-18 00:00:00,2021-10-18 05:00:00,3.9,17.2,0,0,0.5446390350150272,0.8386705679454239,57,S1,2021-10-18 08:00:00
2021-10-18 00:00:00,2021-10-18 06:00:00,4.3,17.1,0,0,0.4539904997395468,0.8910065241883678,63,S1,2021-10-18 08:00:00
2021-10-18 00:00:00,2021-10-18 07:00:00,4.3,17.0,0,0,0.3583679495453004,0.9335804264972017,69,S1,2021-10-18 08:00:00
2021-10-18 00:00:00,2021-10-18 08:00:00,4.4,17.9,127,0,0.32556815445715676,0.9455185755993167,71,S1,2021-10-18 08:00:00
2021-10-18 00:00:00,2021-10-18 09:00:00,4.3,20.9,323,0,0.30901699437494745,0.9510565162951535,72,S1,2021-10-18 08:00:00
2021-10-18 00:00:00,2021-10-18 10:00:00,3.7,24.8,490,0,0.37460659341591196,0.9271838545667874,68,S1,2021-10-18 08:00:00
2021-10-18 00:00:00,2021-10-18 11:00:00,3.5,28.4,615,0,0.4539904997395468,0.8910065241883678,63,S1,2021-10-18 08:00:00
2021-10-18 00:00:00,2021-10-18 12:00:00,3.3,31.2,690,0,0.5446390350150272,0.8386705679454239,57,S1,2021-10-18 08:00:00
2021-10-18 00:00:00,2021-10-18 13:00:00,3.0,33.4,711,0,0.766044443118978,0.6427876096865393,40,S1,2021-10-18 08:00:00
2021-10-18 00:00:00,2021-10-18 14:00:00,3.4,34.5,675,0,0.9205048534524404,0.3907311284892737,23,S1,2021-10-18 08:00:00
2021-10-18 00:00:00,2021-10-18 15:00:00,4.2,34.6,586,0,0.9702957262759965,0.24192189559966773,14,S1,2021-10-18 08:00:00
2021-10-18 00:00:00,2021-10-18 16:00:00,5.1,33.1,448,0,0.9781476007338057,0.20791169081775931,12,S1,2021-10-18 08:00:00
2021-10-18 00:00:00,2021-10-18 17:00:00,5.5,30.6,272,0,0.9563047559630354,0.29237170472273677,17,S1,2021-10-18 08:00:00
2021-10-18 00:00:00,2021-10-18 18:00:00,5.1,27.9,70,0,0.9063077870366499,0.42261826174069944,25,S1,2021-10-18 08:00:00
2021-10-18 00:00:00,2021-10-18 19:00:00,4.5,25.9,0,0,0.8090169943749475,0.5877852522924731,36,S1,2021-10-18 08:00:00
2021-10-18 00:00:00,2021-10-18 20:00:00,4.1,24.4,0,0,0.6946583704589974,0.7193398003386511,46,S1,2021-10-18 08:00:00
2021-10-18 00:00:00,2021-10-18 21:00:00,4.0,23.4,0,0,0.5299192642332049,0.8480480961564261,58,S1,2021-10-18 08:00:00
2021-10-18 00:00:00,2021-10-18 22:00:00,3.8,22.6,0,0,0.39073112848927394,0.9205048534524403,67,S1,2021-10-18 08:00:00
2021-10-18 00:00:00,2021-10-18 23:00:00,3.5,22.0,0,0,0.32556815445715676,0.9455185755993167,71,S1,2021-10-18 08:00:00
2021-10-18 00:00:00,2021-10-19 00:00:00,3.2,21.4,0,0,0.37460659341591196,0.9271838545667874,68,S1,2021-10-18 08:00:00
2021-10-18 00:00:00,2021-10-19 01:00:00,2.5,20.7,0,0,0.43837114678907746,0.898794046299167,64,S1,2021-10-18 08:00:00
2021-10-18 00:00:00,2021-10-19 02:00:00,1.7,19.8,0,0,0.5591929034707468,0.8290375725550417,56,S1,2021-10-18 08:00:00
2021-10-18 00:00:00,2021-10-19 03:00:00,1.5,19.1,0,0,0.7071067811865476,0.7071067811865476,45,S1,2021-10-18 08:00:00
2021-10-18 00:00:00,2021-10-19 04:00:00,1.0,18.4,0,0,0.30901699437494745,0.9510565162951535,72,S2,2021-10-18 08:00:00
2021-10-18 00:00:00,2021-10-19 05:00:00,1.0,18.3,0,0,-0.7986355100472929,0.6018150231520482,143,S2b,2021-10-18 08:00:00
2021-10-18 00:00:00,2021-10-19 06:00:00,1.0,17.9,0,0,-0.7771459614569707,0.6293203910498377,141,S2b,2021-10-18 08:00:00
2021-10-18 00:00:00,2021-10-19 07:00:00,1.2,17.8,0,0,-0.2249510543438648,0.9743700647852352,103,S2b,2021-10-18 08:00:00
2021-10-18 00:00:00,2021-10-19 08:00:00,1.4,19.5,124,0,-0.06975647374412533,0.9975640502598242,94,S1,2021-10-18 08:00:00
2021-10-18 00:00:00,2021-10-19 09:00:00,0.9,22.6,320,0,-0.35836794954530027,0.9335804264972017,111,S2b,2021-10-18 08:00:00
2021-10-18 00:00:00,2021-10-19 10:00:00,1.5,26.0,486,0,-0.6427876096865395,-0.7660444431189779,230,S2b,2021-10-18 08:00:00
2021-10-18 00:00:00,2021-10-19 11:00:00,3.0,27.4,611,0,-0.30901699437494756,-0.9510565162951535,252,S2,2021-10-18 08:00:00
2021-10-18 00:00:00,2021-10-19 12:00:00,2.8,27.4,686,0,-1.8369701987210297e-16,-1.0,270,S2,2021-10-18 08:00:00
2021-10-18 00:00:00,2021-10-19 13:00:00,2.4,28.1,707,0,0.30901699437494723,-0.9510565162951536,288,S2,2021-10-18 08:00:00
2021-10-18 00:00:00,2021-10-19 14:00:00,2.3,29.3,671,0,0.4848096202463365,-0.8746197071393961,299,S2,2021-10-18 08:00:00
2021-10-18 00:00:00,2021-10-19 15:00:00,2.7,29.8,581,0,0.2923717047227367,-0.9563047559630354,287,S2,2021-10-18 08:00:00
2021-10-18 00:00:00,2021-10-19 16:00:00,3.1,28.1,444,0,0.20791169081775857,-0.9781476007338058,282,S2,2021-10-18 08:00:00
2021-10-18 00:00:00,2021-10-19 17:00:00,2.7,25.2,268,0,0.30901699437494723,-0.9510565162951536,288,S2,2021-10-18 08:00:00
2021-10-18 00:00:00,2021-10-19 18:00:00,2.0,22.1,66,0,0.3907311284892735,-0.9205048534524405,293,S2,2021-10-18 08:00:00
2021-10-18 00:00:00,2021-10-19 19:00:00,1.0,20.1,0,0,0.40673664307580054,-0.9135454576426008,294,S2b,2021-10-18 08:00:00
2021-10-18 00:00:00,2021-10-19 20:00:00,0.5,19.3,0,0,0.9659258262890683,-0.2588190451025207,345,S2,2021-10-18 08:00:00
2021-10-18 00:00:00,2021-10-19 21:00:00,1.1,19.0,0,0,0.848048096156426,0.5299192642332049,32,S1,2021-10-18 08:00:00
2021-10-18 00:00:00,2021-10-19 22:00:00,1.3,18.7,0,0,0.6560590289905073,0.754709580222772,49,S1,2021-10-18 08:00:00
2021-10-18 00:00:00,2021-10-19 23:00:00,1.1,18.3,0,0,0.39073112848927394,0.9205048534524403,67,S1,2021-10-18 08:00:00
2021-10-19 00:00:00,2021-10-19 00:00:00,3.4,18.9,0,0,0.3420201433256688,0.9396926207859083,70,S1,2021-10-19 08:00:00
2021-10-19 00:00:00,2021-10-19 01:00:00,2.4,18.3,0,0,0.30901699437494745,0.9510565162951535,72,S1,2021-10-19 08:00:00
2021-10-19 00:00:00,2021-10-19 02:00:00,2.3,17.9,0,0,0.22495105434386492,0.9743700647852352,77,S1,2021-10-19 08:00:00
2021-10-19 00:00:00,2021-10-19 03:00:00,2.2,17.6,0,0,0.29237170472273677,0.9563047559630354,73,S1,2021-10-19 08:00:00
2021-10-19 00:00:00,2021-10-19 04:00:00,2.0,17.2,0,0,0.32556815445715676,0.9455185755993167,71,S1,2021-10-19 08:00:00
2021-10-19 00:00:00,2021-10-19 05:00:00,1.9,16.9,0,0,0.32556815445715676,0.9455185755993167,71,S1,2021-10-19 08:00:00
2021-10-19 00:00:00,2021-10-19 06:00:00,2.2,16.9,0,0,0.25881904510252074,0.9659258262890683,75,S1,2021-10-19 08:00:00
2021-10-19 00:00:00,2021-10-19 07:00:00,2.1,16.8,0,0,0.15643446504023092,0.9876883405951378,81,S1,2021-10-19 08:00:00
2021-10-19 00:00:00,2021-10-19 08:00:00,1.7,18.3,124,0,-0.05233595624294362,0.9986295347545738,93,S1,2021-10-19 08:00:00
2021-10-19 00:00:00,2021-10-19 09:00:00,0.7,21.1,320,0,-0.30901699437494734,0.9510565162951536,108,S2b,2021-10-19 08:00:00
2021-10-19 00:00:00,2021-10-19 10:00:00,0.4,24.3,486,0,-0.7071067811865477,-0.7071067811865475,225,S4,2021-10-19 08:00:00
2021-10-19 00:00:00,2021-10-19 11:00:00,1.2,27.3,611,0,0.22495105434386492,-0.9743700647852352,283,S2b,2021-10-19 08:00:00
2021-10-19 00:00:00,2021-10-19 12:00:00,1.9,29.6,686,0,0.573576436351046,-0.8191520442889918,305,S1,2021-10-19 08:00:00
2021-10-19 00:00:00,2021-10-19 13:00:00,2.5,31.2,707,0,0.6156614753256585,-0.7880107536067218,308,S1,2021-10-19 08:00:00
2021-10-19 00:00:00,2021-10-19 14:00:00,3.3,31.7,671,0,0.5150380749100542,-0.8571673007021123,301,S2,2021-10-19 08:00:00
2021-10-19 00:00:00,2021-10-19 15:00:00,3.8,30.4,581,0,0.5000000000000001,-0.8660254037844386,300,S2,2021-10-19 08:00:00
2021-10-19 00:00:00,2021-10-19 16:00:00,3.5,28.5,444,0,0.6427876096865393,-0.7660444431189781,310,S1,2021-10-19 08:00:00
2021-10-19 00:00:00,2021-10-19 17:00:00,3.1,26.8,268,0,0.7880107536067216,-0.6156614753256588,322,S1,2021-10-19 08:00:00
2021-10-19 00:00:00,2021-10-19 18:00:00,2.1,24.4,66,0,0.6691306063588578,-0.7431448254773946,312,S1,2021-10-19 08:00:00
2021-10-19 00:00:00,2021-10-19 19:00:00,1.5,21.8,0,0,0.24192189559966742,-0.9702957262759966,284,S2b,2021-10-19 08:00:00
2021-10-19 00:00:00,2021-10-19 20:00:00,0.9,20.1,0,0,0.4848096202463365,-0.8746197071393961,299,S2b,2021-10-19 08:00:00
2021-10-19 00:00:00,2021-10-19 21:00:00,0.4,19.1,0,0,0.7071067811865474,-0.7071067811865477,315,S3,2021-10-19 08:00:00
2021-10-19 00:00:00,2021-10-19 22:00:00,0.1,18.4,0,0,0.656059028990507,-0.7547095802227722,311,S3,2021-10-19 08:00:00
2021-10-19 00:00:00,2021-10-19 23:00:00,0.4,17.9,0,0,0.8290375725550417,0.5591929034707469,34,S3,2021-10-19 08:00:00
2021-10-19 00:00:00,2021-10-20 00:00:00,1.0,17.6,0,0,0.46947156278589086,0.8829475928589269,62,S1,2021-10-19 08:00:00
2021-10-19 00:00:00,2021-10-20 01:00:00,1.3,17.4,0,0,0.42261826174069944,0.9063077870366499,65,S1,2021-10-19 08:00:00
2021-10-19 00:00:00,2021-10-20 02:00:00,1.3,17.1,0,0,0.6156614753256583,0.788010753606722,52,S1,2021-10-19 08:00:00
2021-10-19 00:00:00,2021-10-20 03:00:00,1.3,16.9,0,0,0.7313537016191706,0.6819983600624985,43,S1,2021-10-19 08:00:00
2021-10-19 00:00:00,2021-10-20 04:00:00,1.3,16.6,0,0,0.7193398003386512,0.6946583704589973,44,S1,2021-10-19 08:00:00
2021-10-19 00:00:00,2021-10-20 05:00:00,1.3,16.2,0,0,0.6819983600624985,0.7313537016191705,47,S1,2021-10-19 08:00:00
2021-10-19 00:00:00,2021-10-20 06:00:00,0.7,16.2,0,0,0.19080899537654492,0.981627183447664,79,S2,2021-10-19 08:00:00
2021-10-19 00:00:00,2021-10-20 07:00:00,0.6,16.0,0,0,-0.992546151641322,-0.12186934340514774,187,S3b,2021-10-19 08:00:00
2021-10-19 00:00:00,2021-10-20 08:00:00,0.5,16.4,121,0,-0.798635510047293,-0.601815023152048,217,S2b,2021-10-19 08:00:00
2021-10-19 00:00:00,2021-10-20 09:00:00,0.7,18.2,317,0,-0.42261826174069994,-0.9063077870366497,245,S2b,2021-10-19 08:00:00
2021-10-19 00:00:00,2021-10-20 10:00:00,0.9,20.9,483,0,-1.8369701987210297e-16,-1.0,270,S2b,2021-10-19 08:00:00
2021-10-19 00:00:00,2021-10-20 11:00:00,1.3,23.6,607,0,0.22495105434386492,-0.9743700647852352,283,S2b,2021-10-19 08:00:00
2021-10-19 00:00:00,2021-10-20 12:00:00,2.0,25.9,682,0,0.2923717047227367,-0.9563047559630354,287,S2,2021-10-19 08:00:00
2021-10-19 00:00:00,2021-10-20 13:00:00,2.8,27.3,703,0,0.3255681544571563,-0.945518575599317,289,S2,2021-10-19 08:00:00
2021-10-19 00:00:00,2021-10-20 14:00:00,3.1,27.4,667,0,0.3255681544571563,-0.945518575599317,289,S2,2021-10-19 08:00:00
2021-10-19 00:00:00,2021-10-20 15:00:00,3.4,26.8,577,0,0.3907311284892735,-0.9205048534524405,293,S2,2021-10-19 08:00:00
2021-10-19 00:00:00,2021-10-20 16:00:00,3.8,25.1,440,0,0.4848096202463365,-0.8746197071393961,299,S2,2021-10-19 08:00:00
2021-10-19 00:00:00,2021-10-20 17:00:00,3.3,22.9,264,0,0.5150380749100542,-0.8571673007021123,301,S2,2021-10-19 08:00:00
2021-10-19 00:00:00,2021-10-20 18:00:00,2.3,20.9,62,0,0.5000000000000001,-0.8660254037844386,300,S2,2021-10-19 08:00:00
2021-10-19 00:00:00,2021-10-20 19:00:00,1.3,20.2,0,0,0.5150380749100542,-0.8571673007021123,301,S2b,2021-10-19 08:00:00
2021-10-19 00:00:00,2021-10-20 20:00:00,0.7,20.0,0,0,0.8090169943749473,-0.5877852522924734,324,S2,2021-10-19 08:00:00
2021-10-19 00:00:00,2021-10-20 21:00:00,0.4,19.8,0,0,0.9659258262890683,0.25881904510252074,15,S3,2021-10-19 08:00:00
2021-10-19 00:00:00,2021-10-20 22:00:00,0.8,19.8,0,0,0.6946583704589974,0.7193398003386511,46,S2,2021-10-19 08:00:00
2021-10-19 00:00:00,2021-10-20 23:00:00,1.1,19.9,0,0,0.6946583704589974,0.7193398003386511,46,S1,2021-10-19 08:00:00
2021-10-19 12:00:00,2021-10-19 12:00:00,1.9,24.6,686,0,0.4848096202463365,-0.8746197071393961,299,S2b,2021-10-19 20:00:00
2021-10-19 12:00:00,2021-10-19 15:00:00,4.0,29.3,581,0,0.5299192642332047,-0.8480480961564261,302,S2,2021-10-19 20:00:00
2021-10-19 12:00:00,2021-10-19 21:00:00,0.1,19.6,0,0,-0.8571673007021122,0.5150380749100544,149,S4,2021-10-19 20:00:00
2021-10-19 12:00:00,2021-10-20 09:00:00,0.4,20.0,317,0,-0.848048096156426,0.5299192642332049,148,S4,2021-10-19 20:00:00
2021-10-19 12:00:00,2021-10-20 11:00:00,1.3,25.5,607,0,0.37460659341591196,-0.9271838545667874,292,S2b,2021-10-19 20:00:00
2021-10-19 12:00:00,2021-10-20 12:00:00,2.3,27.2,682,0,0.25881904510252113,-0.9659258262890682,285,S2,2021-10-19 20:00:00
2021-10-19 12:00:00,2021-10-20 13:00:00,2.9,28.2,703,0,0.3255681544571563,-0.945518575599317,289,S2,2021-10-19 20:00:00
2021-10-19 12:00:00,2021-10-20 14:00:00,3.2,28.6,667,0,0.35836794954529955,-0.9335804264972021,291,S2,2021-10-19 20:00:00
2021-10-19 12:00:00,2021-10-20 15:00:00,3.8,27.8,577,0,0.4226182617406996,-0.9063077870366498,295,S2,2021-10-19 20:00:00
2021-10-19 12:00:00,2021-10-20 19:00:00,1.3,20.4,0,0,0.40673664307580054,-0.9135454576426008,294,S2b,2021-10-19 20:00:00
2021-10-20 00:00:00,2021-10-20 00:00:00,2.4,19.8,0,0,0.25881904510252074,0.9659258262890683,75,S1,2021-10-20 08:00:00
2021-10-20 00:00:00,2021-10-20 01:00:00,2.2,19.3,0,0,0.20791169081775945,0.9781476007338056,78,S1,2021-10-20 08:00:00
2021-10-20 00:00:00,2021-10-20 02:00:00,2.2,19.2,0,0,0.27563735581699916,0.9612616959383189,74,S1,2021-10-20 08:00:00
2021-10-20 00:00:00,2021-10-20 03:00:00,2.5,19.1,0,0,0.3583679495453004,0.9335804264972017,69,S1,2021-10-20 08:00:00
2021-10-20 00:00:00,2021-10-20 04:00:00,2.3,19.1,0,0,0.46947156278589086,0.8829475928589269,62,S1,2021-10-20 08:00:00
2021-10-20 00:00:00,2021-10-20 05:00:00,1.2,18.5,0,0,0.7771459614569709,0.6293203910498374,39,S1,2021-10-20 08:00:00
2021-10-20 00:00:00,2021-10-20 06:00:00,1.7,17.9,0,0,0.981627183447664,0.1908089953765448,11,S1,2021-10-20 08:00:00
2021-10-20 00:00:00,2021-10-20 07:00:00,1.5,17.4,0,0,0.898794046299167,0.4383711467890774,26,S1,2021-10-20 08:00:00
2021-10-20 00:00:00,2021-10-20 08:00:00,1.0,17.6,121,0,0.12186934340514749,0.992546151641322,83,S2,2021-10-20 08:00:00
2021-10-20 00:00:00,2021-10-20 09:00:00,0.6,19.7,317,0,-0.29237170472273666,0.9563047559630355,107,S2b,2021-10-20 08:00:00
2021-10-20 00:00:00,2021-10-20 10:00:00,1.6,23.4,483,0,0.992546151641322,0.12186934340514748,7,S1,2021-10-20 08:00:00
2021-10-20 00:00:00,2021-10-20 11:00:00,1.5,25.4,607,0,0.9335804264972015,-0.35836794954530077,339,S1,2021-10-20 08:00:00
2021-10-20 00:00:00,2021-10-20 12:00:00,2.0,27.5,682,0,0.5591929034707462,-0.8290375725550421,304,S1,2021-10-20 08:00:00
2021-10-20 00:00:00,2021-10-20 13:00:00,2.9,28.9,703,0,0.40673664307580054,-0.9135454576426008,294,S2,2021-10-20 08:00:00
2021-10-20 00:00:00,2021-10-20 14:00:00,3.6,28.8,667,0,0.4383711467890774,-0.898794046299167,296,S2,2021-10-20 08:00:00
2021-10-20 00:00:00,2021-10-20 15:00:00,4.6,27.0,576,0,0.6427876096865393,-0.7660444431189781,310,S1,2021-10-20 08:00:00
2021-10-20 00:00:00,2021-10-20 16:00:00,3.9,25.4,440,0,0.7547095802227719,-0.6560590289905074,319,S1,2021-10-20 08:00:00
2021-10-20 00:00:00,2021-10-20 17:00:00,3.6,23.7,263,0,0.7880107536067216,-0.6156614753256588,322,S1,2021-10-20 08:00:00
2021-10-20 00:00:00,2021-10-20 18:00:00,2.3,22.0,62,0,0.8191520442889916,-0.5735764363510465,325,S1,2021-10-20 08:00:00
2021-10-20 00:00:00,2021-10-20 19:00:00,1.4,21.1,0,0,0.6946583704589966,-0.7193398003386517,314,S1,2021-10-20 08:00:00
2021-10-20 00:00:00,2021-10-20 20:00:00,1.1,20.6,0,0,0.7880107536067216,-0.6156614753256588,322,S1,2021-10-20 08:00:00
2021-10-20 00:00:00,2021-10-20 21:00:00,1.0,20.4,0,0,0.9848077530122079,-0.17364817766693127,350,S2,2021-10-20 08:00:00
2021-10-20 00:00:00,2021-10-20 22:00:00,1.3,20.5,0,0,0.9563047559630354,0.29237170472273677,17,S1,2021-10-20 08:00:00
2021-10-20 00:00:00,2021-10-20 23:00:00,2.1,20.6,0,0,0.9396926207859084,0.3420201433256687,20,S1,2021-10-20 08:00:00
2021-10-20 00:00:00,2021-10-21 00:00:00,2.4,20.4,0,0,0.8910065241883679,0.45399049973954675,27,S1,2021-10-20 08:00:00
2021-10-20 00:00:00,2021-10-21 01:00:00,2.7,20.3,0,0,0.8090169943749475,0.5877852522924731,36,S1,2021-10-20 08:00:00
2021-10-20 00:00:00,2021-10-21 02:00:00,3.2,20.2,0,0,0.766044443118978,0.6427876096865393,40,S1,2021-10-20 08:00:00
2021-10-20 00:00:00,2021-10-21 03:00:00,3.6,20.0,0,0,0.6427876096865394,0.766044443118978,50,S1,2021-10-20 08:00:00
2021-10-20 00:00:00,2021-10-21 04:00:00,3.8,19.9,0,0,0.5150380749100543,0.8571673007021122,59,S1,2021-10-20 08:00:00
2021-10-20 00:00:00,2021-10-21 05:00:00,3.9,19.8,0,0,0.5446390350150272,0.8386705679454239,57,S1,2021-10-20 08:00:00
2021-10-20 00:00:00,2021-10-21 06:00:00,4.2,19.7,0,0,0.6293203910498375,0.7771459614569708,51,S1,2021-10-20 08:00:00
2021-10-20 00:00:00,2021-10-21 07:00:00,4.4,19.7,0,0,0.6156614753256583,0.788010753606722,52,S1,2021-10-20 08:00:00
2021-10-20 00:00:00,2021-10-21 08:00:00,4.6,20.0,113,0,0.573576436351046,0.8191520442889918,55,S1,2021-10-20 08:00:00
2021-10-20 00:00:00,2021-10-21 09:00:00,4.8,21.4,302,0,0.5446390350150272,0.8386705679454239,57,S1,2021-10-20 08:00:00
2021-10-20 00:00:00,2021-10-21 10:00:00,4.8,23.7,445,0,0.5591929034707468,0.8290375725550417,56,S1,2021-10-20 08:00:00
2021-10-20 00:00:00,2021-10-21 11:00:00,4.3,26.1,562,0,0.6427876096865394,0.766044443118978,50,S1,2021-10-20 08:00:00
2021-10-20 00:00:00,2021-10-21 12:00:00,3.8,28.2,678,0,0.766044443118978,0.6427876096865393,40,S1,2021-10-20 08:00:00
2021-10-20 00:00:00,2021-10-21 13:00:00,3.8,29.7,698,0,0.8910065241883679,0.45399049973954675,27,S1,2021-10-20 08:00:00
2021-10-20 00:00:00,2021-10-21 14:00:00,4.4,30.5,662,0,0.9702957262759965,0.24192189559966773,14,S1,2021-10-20 08:00:00
2021-10-20 00:00:00,2021-10-21 15:00:00,5.1,30.2,573,0,0.9876883405951378,0.15643446504023087,9,S1,2021-10-20 08:00:00
2021-10-20 00:00:00,2021-10-21 16:00:00,5.8,28.9,435,0,0.992546151641322,0.12186934340514748,7,S1,2021-10-20 08:00:00
2021-10-20 00:00:00,2021-10-21 17:00:00,6.6,26.2,260,0,0.984807753012208,0.17364817766693033,10,S1,2021-10-20 08:00:00
2021-10-20 00:00:00,2021-10-21 18:00:00,6.5,23.4,58,0,0.9510565162951535,0.3090169943749474,18,S1,2021-10-20 08:00:00
2021-10-20 00:00:00,2021-10-21 19:00:00,6.3,21.8,0,0,0.9205048534524404,0.3907311284892737,23,S1,2021-10-20 08:00:00
2021-10-20 00:00:00,2021-10-21 20:00:00,6.0,20.9,0,0,0.8660254037844387,0.49999999999999994,30,S1,2021-10-20 08:00:00
2021-10-20 00:00:00,2021-10-21 21:00:00,5.5,20.3,0,0,0.7986355100472928,0.6018150231520483,37,S1,2021-10-20 08:00:00
2021-10-20 00:00:00,2021-10-21 22:00:00,5.0,19.9,0,0,0.754709580222772,0.6560590289905072,41,S1,2021-10-20 08:00:00
2021-10-20 00:00:00,2021-10-21 23:00:00,4.8,19.5,0,0,0.754709580222772,0.6560590289905072,41,S1,2021-10-20 08:00:00
2021-10-21 00:00:00,2021-10-21 00:00:00,2.3,20.4,0,0,0.8090169943749475,0.5877852522924731,36,S1,2021-10-21 08:00:00
2021-10-21 00:00:00,2021-10-21 01:00:00,2.4,20.3,0,0,0.46947156278589086,0.8829475928589269,62,S1,2021-10-21 08:00:00
2021-10-21 00:00:00,2021-10-21 02:00:00,3.0,20.4,0,0,0.46947156278589086,0.8829475928589269,62,S1,2021-10-21 08:00:00
2021-10-21 00:00:00,2021-10-21 03:00:00,3.6,20.6,0,0,0.5299192642332049,0.8480480961564261,58,S1,2021-10-21 08:00:00
2021-10-21 00:00:00,2021-10-21 04:00:00,3.8,20.8,0,0,0.4848096202463371,0.8746197071393957,61,S1,2021-10-21 08:00:00
2021-10-21 00:00:00,2021-10-21 05:00:00,3.8,20.9,0,0,0.46947156278589086,0.8829475928589269,62,S1,2021-10-21 08:00:00
2021-10-21 00:00:00,2021-10-21 06:00:00,4.0,20.9,0,0,0.5150380749100543,0.8571673007021122,59,S1,2021-10-21 08:00:00
2021-10-21 00:00:00,2021-10-21 07:00:00,4.1,20.8,0,0,0.5446390350150272,0.8386705679454239,57,S1,2021-10-21 08:00:00
2021-10-21 00:00:00,2021-10-21 08:00:00,4.3,21.1,99,0,0.5877852522924731,0.8090169943749475,54,S1,2021-10-21 08:00:00
2021-10-21 00:00:00,2021-10-21 09:00:00,4.4,22.3,160,0,0.6156614753256583,0.788010753606722,52,S1,2021-10-21 08:00:00
2021-10-21 00:00:00,2021-10-21 10:00:00,4.5,24.2,154,0,0.6427876096865394,0.766044443118978,50,S1,2021-10-21 08:00:00
2021-10-21 00:00:00,2021-10-21 11:00:00,4.2,26.2,240,0,0.754709580222772,0.6560590289905072,41,S1,2021-10-21 08:00:00
2021-10-21 00:00:00,2021-10-21 12:00:00,4.0,28.0,678,0,0.8660254037844387,0.49999999999999994,30,S1,2021-10-21 08:00:00
2021-10-21 00:00:00,2021-10-21 13:00:00,4.4,29.1,698,0,0.9612616959383189,0.27563735581699916,16,S1,2021-10-21 08:00:00
2021-10-21 00:00:00,2021-10-21 14:00:00,5.3,29.3,662,0,0.9961946980917455,0.08715574274765817,5,S1,2021-10-21 08:00:00
2021-10-21 00:00:00,2021-10-21 15:00:00,6.3,28.2,573,0,0.9986295347545738,0.05233595624294383,3,S1,2021-10-21 08:00:00
2021-10-21 00:00:00,2021-10-21 16:00:00,6.2,26.8,435,0,0.9945218953682733,0.10452846326765346,6,S1,2021-10-21 08:00:00
2021-10-21 00:00:00,2021-10-21 17:00:00,6.3,25.2,260,0,0.9902680687415704,0.13917310096006544,8,S1,2021-10-21 08:00:00
2021-10-21 00:00:00,2021-10-21 18:00:00,6.5,22.9,58,0,0.9743700647852352,0.224951054343865,13,S1,2021-10-21 08:00:00
2021-10-21 00:00:00,2021-10-21 19:00:00,6.5,21.3,0,0,0.9335804264972017,0.35836794954530027,21,S1,2021-10-21 08:00:00
2021-10-21 00:00:00,2021-10-21 20:00:00,6.2,20.6,0,0,0.8660254037844387,0.49999999999999994,30,S1,2021-10-21 08:00:00
2021-10-21 00:00:00,2021-10-21 21:00:00,5.8,20.4,0,0,0.7986355100472928,0.6018150231520483,37,S1,2021-10-21 08:00:00
2021-10-21 00:00:00,2021-10-21 22:00:00,5.4,20.1,0,0,0.766044443118978,0.6427876096865393,40,S1,2021-10-21 08:00:00
2021-10-21 00:00:00,2021-10-21 23:00:00,5.2,19.8,0,0,0.754709580222772,0.6560590289905072,41,S1,2021-10-21 08:00:00
2021-10-21 00:00:00,2021-10-22 00:00:00,5.1,19.5,0,0,0.7771459614569709,0.6293203910498374,39,S1,2021-10-21 08:00:00
2021-10-21 00:00:00,2021-10-22 01:00:00,4.9,19.3,0,0,0.754709580222772,0.6560590289905072,41,S1,2021-10-21 08:00:00
2021-10-21 00:00:00,2021-10-22 02:00:00,4.4,19.0,0,0,0.6691306063588582,0.7431448254773941,48,S1,2021-10-21 08:00:00
2021-10-21 00:00:00,2021-10-22 03:00:00,4.2,18.8,0,0,0.6560590289905073,0.754709580222772,49,S1,2021-10-21 08:00:00
2021-10-21 00:00:00,2021-10-22 04:00:00,4.2,18.7,0,0,0.6293203910498375,0.7771459614569708,51,S1,2021-10-21 08:00:00
2021-10-21 00:00:00,2021-10-22 05:00:00,4.2,18.7,0,0,0.6156614753256583,0.788010753606722,52,S1,2021-10-21 08:00:00
2021-10-21 00:00:00,2021-10-22 06:00:00,4.2,18.8,0,0,0.6156614753256583,0.788010753606722,52,S1,2021-10-21 08:00:00
2021-10-21 00:00:00,2021-10-22 07:00:00,4.0,18.7,0,0,0.6018150231520484,0.7986355100472928,53,S1,2021-10-21 08:00:00
2021-10-21 00:00:00,2021-10-22 08:00:00,4.0,19.4,115,0,0.6691306063588582,0.7431448254773941,48,S1,2021-10-21 08:00:00
2021-10-21 00:00:00,2021-10-22 09:00:00,4.2,20.9,310,0,0.7193398003386512,0.6946583704589973,44,S1,2021-10-21 08:00:00
2021-10-21 00:00:00,2021-10-22 10:00:00,4.0,22.4,476,0,0.8191520442889918,0.573576436351046,35,S1,2021-10-21 08:00:00
2021-10-21 00:00:00,2021-10-22 11:00:00,4.0,24.0,600,0,0.9271838545667874,0.374606593415912,22,S1,2021-10-21 08:00:00
2021-10-21 00:00:00,2021-10-22 12:00:00,4.5,25.3,674,0,0.9902680687415704,0.13917310096006544,8,S1,2021-10-21 08:00:00
2021-10-21 00:00:00,2021-10-22 13:00:00,5.6,25.8,694,0,0.9993908270190958,0.03489949670250097,2,S1,2021-10-21 08:00:00
2021-10-21 00:00:00,2021-10-22 14:00:00,6.3,25.6,658,0,0.9993908270190958,0.03489949670250097,2,S1,2021-10-21 08:00:00
2021-10-21 00:00:00,2021-10-22 15:00:00,6.6,25.0,568,0,0.9945218953682733,0.10452846326765346,6,S1,2021-10-21 08:00:00
2021-10-21 00:00:00,2021-10-22 16:00:00,6.9,24.0,431,0,0.984807753012208,0.17364817766693033,10,S1,2021-10-21 08:00:00
2021-10-21 00:00:00,2021-10-22 17:00:00,6.9,22.5,256,0,0.9702957262759965,0.24192189559966773,14,S1,2021-10-21 08:00:00
2021-10-21 00:00:00,2021-10-22 18:00:00,6.6,20.8,54,0,0.9396926207859084,0.3420201433256687,20,S1,2021-10-21 08:00:00
2021-10-21 00:00:00,2021-10-22 19:00:00,6.3,19.7,0,0,0.9063077870366499,0.42261826174069944,25,S1,2021-10-21 08:00:00
2021-10-21 00:00:00,2021-10-22 20:00:00,6.0,19.1,0,0,0.8571673007021123,0.5150380749100542,31,S1,2021-10-21 08:00:00
2021-10-21 00:00:00,2021-10-22 21:00:00,5.5,18.7,0,0,0.788010753606722,0.6156614753256582,38,S1,2021-10-21 08:00:00
2021-10-21 00:00:00,2021-10-22 22:00:00,4.8,18.3,0,0,0.7193398003386512,0.6946583704589973,44,S1,2021-10-21 08:00:00
2021-10-21 00:00:00,2021-10-22 23:00:00,4.1,17.7,0,0,0.6819983600624985,0.7313537016191705,47,S1,2021-10-21 08:00:00
2021-10-21 12:00:00,2021-10-21 12:00:00,3.6,26.5,678,0,0.9455185755993168,0.32556815445715664,19,S1,2021-10-21 20:00:00
2021-10-21 12:00:00,2021-10-21 13:00:00,4.1,27.5,698,0,0.9993908270190958,0.03489949670250097,2,S1,2021-10-21 20:00:00
2021-10-21 12:00:00,2021-10-21 14:00:00,5.2,27.7,662,0,0.9986295347545738,-0.05233595624294437,357,S1,2021-10-21 20:00:00
2021-10-21 12:00:00,2021-10-21 15:00:00,5.9,27.0,573,0,0.9993908270190958,-0.034899496702500823,358,S1,2021-10-21 20:00:00
2021-10-21 12:00:00,2021-10-21 16:00:00,5.6,26.0,435,0,1.0,0.0,0,S1,2021-10-21 20:00:00
2021-10-21 12:00:00,2021-10-21 17:00:00,5.8,24.5,260,0,0.9998476951563913,0.01745240643728351,1,S1,2021-10-21 20:00:00
2021-10-21 12:00:00,2021-10-21 18:00:00,5.9,22.3,58,0,0.984807753012208,0.17364817766693033,10,S1,2021-10-21 20:00:00
2021-10-21 12:00:00,2021-10-21 19:00:00,6.0,20.9,0,0,0.9455185755993168,0.32556815445715664,19,S1,2021-10-21 20:00:00
2021-10-21 12:00:00,2021-10-21 20:00:00,5.6,20.3,0,0,0.882947592858927,0.4694715627858908,28,S1,2021-10-21 20:00:00
2021-10-21 12:00:00,2021-10-21 21:00:00,5.2,19.9,0,0,0.8191520442889918,0.573576436351046,35,S1,2021-10-21 20:00:00
2021-10-21 12:00:00,2021-10-21 22:00:00,4.9,19.6,0,0,0.7771459614569709,0.6293203910498374,39,S1,2021-10-21 20:00:00
2021-10-21 12:00:00,2021-10-21 23:00:00,4.7,19.4,0,0,0.766044443118978,0.6427876096865393,40,S1,2021-10-21 20:00:00
2021-10-21 12:00:00,2021-10-22 00:00:00,4.8,19.1,0,0,0.788010753606722,0.6156614753256582,38,S1,2021-10-21 20:00:00
2021-10-21 12:00:00,2021-10-22 01:00:00,4.9,19.1,0,0,0.7431448254773942,0.6691306063588582,42,S1,2021-10-21 20:00:00
2021-10-21 12:00:00,2021-10-22 02:00:00,4.7,18.9,0,0,0.6946583704589974,0.7193398003386511,46,S1,2021-10-21 20:00:00
2021-10-21 12:00:00,2021-10-22 03:00:00,4.5,18.9,0,0,0.6560590289905073,0.754709580222772,49,S1,2021-10-21 20:00:00
2021-10-21 12:00:00,2021-10-22 04:00:00,4.4,18.6,0,0,0.6293203910498375,0.7771459614569708,51,S1,2021-10-21 20:00:00
2021-10-21 12:00:00,2021-10-22 05:00:00,4.4,18.3,0,0,0.6427876096865394,0.766044443118978,50,S1,2021-10-21 20:00:00
2021-10-21 12:00:00,2021-10-22 06:00:00,4.5,18.1,0,0,0.6018150231520484,0.7986355100472928,53,S1,2021-10-21 20:00:00
2021-10-21 12:00:00,2021-10-22 07:00:00,4.2,18.1,0,0,0.46947156278589086,0.8829475928589269,62,S1,2021-10-21 20:00:00
2021-10-21 12:00:00,2021-10-22 08:00:00,3.9,18.8,115,0,0.3583679495453004,0.9335804264972017,69,S1,2021-10-21 20:00:00
2021-10-21 12:00:00,2021-10-22 09:00:00,4.7,20.6,310,0,0.5299192642332049,0.8480480961564261,58,S1,2021-10-21 20:00:00
2021-10-21 12:00:00,2021-10-22 10:00:00,4.7,22.4,476,0,0.7071067811865476,0.7071067811865476,45,S1,2021-10-21 20:00:00
2021-10-21 12:00:00,2021-10-22 11:00:00,4.4,24.1,600,0,0.848048096156426,0.5299192642332049,32,S1,2021-10-21 20:00:00
2021-10-22 00:00:00,2021-10-22 00:00:00,4.2,18.8,0,0,0.8090169943749475,0.5877852522924731,36,S1,2021-10-22 08:00:00
2021-10-22 00:00:00,2021-10-22 01:00:00,3.9,18.8,0,0,0.7193398003386512,0.6946583704589973,44,S1,2021-10-22 08:00:00
2021-10-22 00:00:00,2021-10-22 02:00:00,3.6,18.9,0,0,0.6560590289905073,0.754709580222772,49,S1,2021-10-22 08:00:00
2021-10-22 00:00:00,2021-10-22 03:00:00,3.7,18.8,0,0,0.6560590289905073,0.754709580222772,49,S1,2021-10-22 08:00:00
2021-10-22 00:00:00,2021-10-22 04:00:00,3.6,18.5,0,0,0.6560590289905073,0.754709580222772,49,S1,2021-10-22 08:00:00
2021-10-22 00:00:00,2021-10-22 05:00:00,3.7,18.1,0,0,0.6946583704589974,0.7193398003386511,46,S1,2021-10-22 08:00:00
2021-10-22 00:00:00,2021-10-22 06:00:00,4.2,17.8,0,0,0.6819983600624985,0.7313537016191705,47,S1,2021-10-22 08:00:00
2021-10-22 00:00:00,2021-10-22 07:00:00,4.4,17.6,0,0,0.5877852522924731,0.8090169943749475,54,S1,2021-10-22 08:00:00
2021-10-22 00:00:00,2021-10-22 08:00:00,4.2,18.4,115,0,0.5150380749100543,0.8571673007021122,59,S1,2021-10-22 08:00:00
2021-10-22 00:00:00,2021-10-22 09:00:00,4.7,20.5,310,0,0.5446390350150272,0.8386705679454239,57,S1,2021-10-22 08:00:00
2021-10-22 00:00:00,2021-10-22 10:00:00,4.8,22.5,476,0,0.6819983600624985,0.7313537016191705,47,S1,2021-10-22 08:00:00
2021-10-22 00:00:00,2021-10-22 11:00:00,4.7,24.3,600,0,0.7986355100472928,0.6018150231520483,37,S1,2021-10-22 08:00:00
2021-10-22 00:00:00,2021-10-22 12:00:00,4.7,25.7,674,0,0.9271838545667874,0.374606593415912,22,S1,2021-10-22 08:00:00
2021-10-22 00:00:00,2021-10-22 13:00:00,5.7,26.4,694,0,0.984807753012208,0.17364817766693033,10,S1,2021-10-22 08:00:00
2021-10-22 00:00:00,2021-10-22 14:00:00,6.5,26.1,658,0,0.9961946980917455,0.08715574274765817,5,S1,2021-10-22 08:00:00
2021-10-22 00:00:00,2021-10-22 15:00:00,7.0,25.0,568,0,0.9975640502598242,0.0697564737441253,4,S1,2021-10-22 08:00:00
2021-10-22 00:00:00,2021-10-22 16:00:00,7.0,23.8,431,0,0.9902680687415704,0.13917310096006544,8,S1,2021-10-22 08:00:00
2021-10-22 00:00:00,2021-10-22 17:00:00,6.9,22.3,256,0,0.9743700647852352,0.224951054343865,13,S1,2021-10-22 08:00:00
2021-10-22 00:00:00,2021-10-22 18:00:00,6.7,20.5,54,0,0.9510565162951535,0.3090169943749474,18,S1,2021-10-22 08:00:00
2021-10-22 00:00:00,2021-10-22 19:00:00,6.5,19.4,0,0,0.9135454576426009,0.40673664307580015,24,S1,2021-10-22 08:00:00
2021-10-22 00:00:00,2021-10-22 20:00:00,6.2,18.8,0,0,0.8660254037844387,0.49999999999999994,30,S1,2021-10-22 08:00:00
2021-10-22 00:00:00,2021-10-22 21:00:00,5.8,18.4,0,0,0.8090169943749475,0.5877852522924731,36,S1,2021-10-22 08:00:00
2021-10-22 00:00:00,2021-10-22 22:00:00,5.2,18.0,0,0,0.754709580222772,0.6560590289905072,41,S1,2021-10-22 08:00:00
2021-10-22 00:00:00,2021-10-22 23:00:00,4.7,17.7,0,0,0.7071067811865476,0.7071067811865476,45,S1,2021-10-22 08:00:00
2021-10-22 00:00:00,2021-10-23 00:00:00,4.3,17.3,0,0,0.6293203910498375,0.7771459614569708,51,S1,2021-10-22 08:00:00
2021-10-22 00:00:00,2021-10-23 01:00:00,3.8,16.8,0,0,0.5299192642332049,0.8480480961564261,58,S1,2021-10-22 08:00:00
2021-10-22 00:00:00,2021-10-23 02:00:00,3.5,16.3,0,0,0.42261826174069944,0.9063077870366499,65,S1,2021-10-22 08:00:00
2021-10-22 00:00:00,2021-10-23 03:00:00,3.2,15.9,0,0,0.37460659341591196,0.9271838545667874,68,S1,2021-10-22 08:00:00
2021-10-22 00:00:00,2021-10-23 04:00:00,3.2,15.4,0,0,0.39073112848927394,0.9205048534524403,67,S1,2021-10-22 08:00:00
2021-10-22 00:00:00,2021-10-23 05:00:00,3.3,15.1,0,0,0.43837114678907746,0.898794046299167,64,S1,2021-10-22 08:00:00
2021-10-22 00:00:00,2021-10-23 06:00:00,3.6,14.9,0,0,0.43837114678907746,0.898794046299167,64,S1,2021-10-22 08:00:00
2021-10-22 00:00:00,2021-10-23 07:00:00,3.8,14.7,0,0,0.43837114678907746,0.898794046299167,64,S1,2021-10-22 08:00:00
2021-10-22 00:00:00,2021-10-23 08:00:00,4.0,15.6,112,0,0.4848096202463371,0.8746197071393957,61,S1,2021-10-22 08:00:00
2021-10-22 00:00:00,2021-10-23 09:00:00,4.7,17.9,307,0,0.5299192642332049,0.8480480961564261,58,S1,2021-10-22 08:00:00
2021-10-22 00:00:00,2021-10-23 10:00:00,5.0,20.3,472,0,0.6018150231520484,0.7986355100472928,53,S1,2021-10-22 08:00:00
2021-10-22 00:00:00,2021-10-23 11:00:00,4.7,22.5,596,0,0.6427876096865394,0.766044443118978,50,S1,2021-10-22 08:00:00
2021-10-22 00:00:00,2021-10-23 12:00:00,4.2,24.5,670,0,0.7193398003386512,0.6946583704589973,44,S1,2021-10-22 08:00:00
2021-10-22 00:00:00,2021-10-23 13:00:00,4.0,26.1,690,0,0.8191520442889918,0.573576436351046,35,S1,2021-10-22 08:00:00
2021-10-22 00:00:00,2021-10-23 14:00:00,4.4,27.2,654,0,0.898794046299167,0.4383711467890774,26,S1,2021-10-22 08:00:00
2021-10-22 00:00:00,2021-10-23 15:00:00,5.1,27.3,564,0,0.9455185755993168,0.32556815445715664,19,S1,2021-10-22 08:00:00
2021-10-22 00:00:00,2021-10-23 16:00:00,5.8,26.2,427,0,0.9563047559630354,0.29237170472273677,17,S1,2021-10-22 08:00:00
2021-10-22 00:00:00,2021-10-23 17:00:00,6.3,24.3,252,0,0.9510565162951535,0.3090169943749474,18,S1,2021-10-22 08:00:00
2021-10-22 00:00:00,2021-10-23 18:00:00,6.3,21.8,50,0,0.9271838545667874,0.374606593415912,22,S1,2021-10-22 08:00:00
2021-10-22 00:00:00,2021-10-23 19:00:00,6.2,20.1,0,0,0.8910065241883679,0.45399049973954675,27,S1,2021-10-22 08:00:00
2021-10-22 00:00:00,2021-10-23 20:00:00,5.8,19.0,0,0,0.8290375725550417,0.5591929034707469,34,S1,2021-10-22 08:00:00
2021-10-22 00:00:00,2021-10-23 21:00:00,5.3,18.3,0,0,0.7431448254773942,0.6691306063588582,42,S1,2021-10-22 08:00:00
2021-10-22 00:00:00,2021-10-23 22:00:00,4.8,17.6,0,0,0.6427876096865394,0.766044443118978,50,S1,2021-10-22 08:00:00
2021-10-22 00:00:00,2021-10-23 23:00:00,4.6,17.0,0,0,0.5877852522924731,0.8090169943749475,54,S1,2021-10-22 08:00:00
2021-10-22 12:00:00,2021-10-22 12:00:00,4.6,24.7,674,0,0.8746197071393957,0.48480962024633706,29,S1,2021-10-22 20:00:00
2021-10-22 12:00:00,2021-10-22 13:00:00,5.2,25.6,694,0,0.9781476007338057,0.20791169081775931,12,S1,2021-10-22 20:00:00
2021-10-22 12:00:00,2021-10-22 14:00:00,6.2,25.7,658,0,0.992546151641322,0.12186934340514748,7,S1,2021-10-22 20:00:00
2021-10-22 12:00:00,2021-10-22 15:00:00,7.0,24.9,568,0,0.9961946980917455,0.08715574274765817,5,S1,2021-10-22 20:00:00
2021-10-22 12:00:00,2021-10-22 16:00:00,7.3,23.6,431,0,0.9876883405951378,0.15643446504023087,9,S1,2021-10-22 20:00:00
2021-10-22 12:00:00,2021-10-22 17:00:00,7.3,22.0,256,0,0.9659258262890683,0.25881904510252074,15,S1,2021-10-22 20:00:00
2021-10-22 12:00:00,2021-10-22 18:00:00,6.9,20.3,54,0,0.9335804264972017,0.35836794954530027,21,S1,2021-10-22 20:00:00
2021-10-22 12:00:00,2021-10-22 19:00:00,6.6,19.3,0,0,0.8910065241883679,0.45399049973954675,27,S1,2021-10-22 20:00:00
2021-10-22 12:00:00,2021-10-22 20:00:00,6.1,18.7,0,0,0.848048096156426,0.5299192642332049,32,S1,2021-10-22 20:00:00
2021-10-22 12:00:00,2021-10-22 21:00:00,5.8,18.2,0,0,0.8090169943749475,0.5877852522924731,36,S1,2021-10-22 20:00:00
2021-10-22 12:00:00,2021-10-22 22:00:00,5.3,17.8,0,0,0.754709580222772,0.6560590289905072,41,S1,2021-10-22 20:00:00
2021-10-22 12:00:00,2021-10-22 23:00:00,4.8,17.4,0,0,0.6819983600624985,0.7313537016191705,47,S1,2021-10-22 20:00:00
2021-10-22 12:00:00,2021-10-23 00:00:00,4.2,17.0,0,0,0.6156614753256583,0.788010753606722,52,S1,2021-10-22 20:00:00
2021-10-22 12:00:00,2021-10-23 01:00:00,3.7,16.5,0,0,0.5299192642332049,0.8480480961564261,58,S1,2021-10-22 20:00:00
2021-10-22 12:00:00,2021-10-23 02:00:00,3.3,16.0,0,0,0.42261826174069944,0.9063077870366499,65,S1,2021-10-22 20:00:00
2021-10-22 12:00:00,2021-10-23 03:00:00,3.0,15.6,0,0,0.37460659341591196,0.9271838545667874,68,S1,2021-10-22 20:00:00
2021-10-22 12:00:00,2021-10-23 04:00:00,2.9,15.2,0,0,0.3583679495453004,0.9335804264972017,69,S1,2021-10-22 20:00:00
2021-10-22 12:00:00,2021-10-23 05:00:00,3.1,14.9,0,0,0.3583679495453004,0.9335804264972017,69,S1,2021-10-22 20:00:00
2021-10-22 12:00:00,2021-10-23 06:00:00,3.2,14.7,0,0,0.3420201433256688,0.9396926207859083,70,S1,2021-10-22 20:00:00
2021-10-22 12:00:00,2021-10-23 07:00:00,3.3,14.5,0,0,0.39073112848927394,0.9205048534524403,67,S1,2021-10-22 20:00:00
2021-10-22 12:00:00,2021-10-23 08:00:00,3.6,15.4,112,0,0.4539904997395468,0.8910065241883678,63,S1,2021-10-22 20:00:00
2021-10-22 12:00:00,2021-10-23 09:00:00,4.5,17.7,307,0,0.5150380749100543,0.8571673007021122,59,S1,2021-10-22 20:00:00
2021-10-22 12:00:00,2021-10-23 10:00:00,4.7,20.2,472,0,0.6018150231520484,0.7986355100472928,53,S1,2021-10-22 20:00:00
2021-10-23 00:00:00,2021-10-23 00:00:00,4.9,16.8,0,0,0.573576436351046,0.8191520442889918,55,S1,2021-10-23 08:00:00
2021-10-23 00:00:00,2021-10-23 01:00:00,3.0,14.8,0,0,0.5000000000000001,0.8660254037844386,60,S1,2021-10-23 08:00:00
2021-10-23 00:00:00,2021-10-23 02:00:00,3.0,13.7,0,0,0.43837114678907746,0.898794046299167,64,S1,2021-10-23 08:00:00
2021-10-23 00:00:00,2021-10-23 03:00:00,3.2,12.9,0,0,0.3583679495453004,0.9335804264972017,69,S1,2021-10-23 08:00:00
2021-10-23 00:00:00,2021-10-23 04:00:00,3.4,12.4,0,0,0.2419218955996679,0.9702957262759965,76,S1,2021-10-23 08:00:00
2021-10-23 00:00:00,2021-10-23 05:00:00,3.5,12.0,0,0,0.22495105434386492,0.9743700647852352,77,S1,2021-10-23 08:00:00
2021-10-23 00:00:00,2021-10-23 06:00:00,3.5,11.7,0,0,0.25881904510252074,0.9659258262890683,75,S1,2021-10-23 08:00:00
2021-10-23 00:00:00,2021-10-23 07:00:00,3.5,11.3,0,0,0.27563735581699916,0.9612616959383189,74,S1,2021-10-23 08:00:00
2021-10-23 00:00:00,2021-10-23 08:00:00,3.6,12.2,112,0,0.3583679495453004,0.9335804264972017,69,S1,2021-10-23 08:00:00
2021-10-23 00:00:00,2021-10-23 09:00:00,2.7,15.9,307,0,0.5150380749100543,0.8571673007021122,59,S1,2021-10-23 08:00:00
2021-10-23 00:00:00,2021-10-23 10:00:00,6.3,19.8,472,0,0.573576436351046,0.8191520442889918,55,S1,2021-10-23 08:00:00
2021-10-23 00:00:00,2021-10-23 11:00:00,6.0,22.1,596,0,0.6427876096865394,0.766044443118978,50,S1,2021-10-23 08:00:00
2021-10-23 00:00:00,2021-10-23 12:00:00,5.8,24.1,670,0,0.6819983600624985,0.7313537016191705,47,S1,2021-10-23 08:00:00
2021-10-23 00:00:00,2021-10-23 13:00:00,5.6,25.7,690,0,0.7431448254773942,0.6691306063588582,42,S1,2021-10-23 08:00:00
2021-10-23 00:00:00,2021-10-23 14:00:00,5.8,26.6,654,0,0.848048096156426,0.5299192642332049,32,S1,2021-10-23 08:00:00
2021-10-23 00:00:00,2021-10-23 15:00:00,6.8,26.1,564,0,0.9396926207859084,0.3420201433256687,20,S1,2021-10-23 08:00:00
2021-10-23 00:00:00,2021-10-23 16:00:00,7.9,24.1,427,0,0.9563047559630354,0.29237170472273677,17,S1,2021-10-23 08:00:00
2021-10-23 00:00:00,2021-10-23 17:00:00,7.9,21.4,252,0,0.9396926207859084,0.3420201433256687,20,S1,2021-10-23 08:00:00
2021-10-23 00:00:00,2021-10-23 18:00:00,7.3,19.0,50,0,0.9205048534524404,0.3907311284892737,23,S1,2021-10-23 08:00:00
2021-10-23 00:00:00,2021-10-23 19:00:00,6.8,17.4,0,0,0.8746197071393957,0.48480962024633706,29,S1,2021-10-23 08:00:00
2021-10-23 00:00:00,2021-10-23 20:00:00,6.3,16.3,0,0,0.754709580222772,0.6560590289905072,41,S1,2021-10-23 08:00:00
2021-10-23 00:00:00,2021-10-23 21:00:00,6.0,15.5,0,0,0.6018150231520484,0.7986355100472928,53,S1,2021-10-23 08:00:00
2021-10-23 00:00:00,2021-10-23 22:00:00,5.8,15.0,0,0,0.5591929034707468,0.8290375725550417,56,S1,2021-10-23 08:00:00
2021-10-23 00:00:00,2021-10-23 23:00:00,5.8,14.6,0,0,0.5446390350150272,0.8386705679454239,57,S1,2021-10-23 08:00:00
2021-10-23 00:00:00,2021-10-24 00:00:00,5.6,14.4,0,0,0.5000000000000001,0.8660254037844386,60,S1,2021-10-23 08:00:00
2021-10-23 00:00:00,2021-10-24 01:00:00,5.1,14.1,0,0,0.5446390350150272,0.8386705679454239,57,S1,2021-10-23 08:00:00
2021-10-23 00:00:00,2021-10-24 02:00:00,4.6,13.8,0,0,0.5446390350150272,0.8386705679454239,57,S1,2021-10-23 08:00:00
2021-10-23 00:00:00,2021-10-24 03:00:00,4.0,13.2,0,0,0.46947156278589086,0.8829475928589269,62,S1,2021-10-23 08:00:00
2021-10-23 00:00:00,2021-10-24 04:00:00,3.6,11.8,0,0,0.46947156278589086,0.8829475928589269,62,S1,2021-10-23 08:00:00
2021-10-23 00:00:00,2021-10-24 05:00:00,3.5,10.5,0,0,0.39073112848927394,0.9205048534524403,67,S1,2021-10-23 08:00:00
2021-10-23 00:00:00,2021-10-24 06:00:00,3.5,9.4,0,0,0.25881904510252074,0.9659258262890683,75,S1,2021-10-23 08:00:00
2021-10-23 00:00:00,2021-10-24 07:00:00,3.7,9.0,0,0,0.20791169081775945,0.9781476007338056,78,S1,2021-10-23 08:00:00
2021-10-23 00:00:00,2021-10-24 08:00:00,3.5,9.9,109,0,0.20791169081775945,0.9781476007338056,78,S1,2021-10-23 08:00:00
2021-10-23 00:00:00,2021-10-24 09:00:00,2.9,13.5,303,0,0.37460659341591196,0.9271838545667874,68,S1,2021-10-23 08:00:00
2021-10-23 00:00:00,2021-10-24 10:00:00,3.2,20.0,468,0,0.6156614753256583,0.788010753606722,52,S1,2021-10-23 08:00:00
2021-10-23 00:00:00,2021-10-24 11:00:00,3.6,24.8,592,0,0.766044443118978,0.6427876096865393,40,S1,2021-10-23 08:00:00
2021-10-23 00:00:00,2021-10-24 12:00:00,3.8,27.4,666,0,0.8571673007021123,0.5150380749100542,31,S1,2021-10-23 08:00:00
2021-10-23 00:00:00,2021-10-24 13:00:00,4.0,28.6,686,0,0.9510565162951535,0.3090169943749474,18,S1,2021-10-23 08:00:00
2021-10-23 00:00:00,2021-10-24 14:00:00,4.9,28.4,649,0,0.9961946980917455,0.08715574274765817,5,S1,2021-10-23 08:00:00
2021-10-23 00:00:00,2021-10-24 15:00:00,6.0,27.3,560,0,0.9998476951563913,0.01745240643728351,1,S1,2021-10-23 08:00:00
2021-10-23 00:00:00,2021-10-24 16:00:00,6.7,25.7,423,0,0.9876883405951378,0.15643446504023087,9,S1,2021-10-23 08:00:00
2021-10-23 00:00:00,2021-10-24 17:00:00,6.8,23.7,248,0,0.9563047559630354,0.29237170472273677,17,S1,2021-10-23 08:00:00
2021-10-23 00:00:00,2021-10-24 18:00:00,6.0,21.1,47,0,0.9205048534524404,0.3907311284892737,23,S1,2021-10-23 08:00:00
2021-10-23 00:00:00,2021-10-24 19:00:00,5.6,19.4,0,0,0.8571673007021123,0.5150380749100542,31,S1,2021-10-23 08:00:00
2021-10-23 00:00:00,2021-10-24 20:00:00,5.5,18.6,0,0,0.788010753606722,0.6156614753256582,38,S1,2021-10-23 08:00:00
2021-10-23 00:00:00,2021-10-24 21:00:00,5.3,18.2,0,0,0.6691306063588582,0.7431448254773941,48,S1,2021-10-23 08:00:00
2021-10-23 00:00:00,2021-10-24 22:00:00,4.7,17.8,0,0,0.6560590289905073,0.754709580222772,49,S1,2021-10-23 08:00:00
2021-10-23 00:00:00,2021-10-24 23:00:00,4.4,17.5,0,0,0.6018150231520484,0.7986355100472928,53,S1,2021-10-23 08:00:00
2021-10-23 12:00:00,2021-10-23 12:00:00,4.7,23.1,670,0,0.6946583704589974,0.7193398003386511,46,S1,2021-10-23 20:00:00
2021-10-23 12:00:00,2021-10-23 13:00:00,3.7,24.7,690,0,0.788010753606722,0.6156614753256582,38,S1,2021-10-23 20:00:00
2021-10-23 12:00:00,2021-10-23 14:00:00,3.8,26.2,654,0,0.882947592858927,0.4694715627858908,28,S1,2021-10-23 20:00:00
2021-10-23 12:00:00,2021-10-23 15:00:00,4.7,26.8,564,0,0.9510565162951535,0.3090169943749474,18,S1,2021-10-23 20:00:00
2021-10-23 12:00:00,2021-10-23 16:00:00,5.9,25.9,427,0,0.9612616959383189,0.27563735581699916,16,S1,2021-10-23 20:00:00
2021-10-23 12:00:00,2021-10-23 17:00:00,6.7,23.8,252,0,0.9510565162951535,0.3090169943749474,18,S1,2021-10-23 20:00:00
2021-10-23 12:00:00,2021-10-23 18:00:00,6.7,21.2,50,0,0.9271838545667874,0.374606593415912,22,S1,2021-10-23 20:00:00
2021-10-23 12:00:00,2021-10-23 19:00:00,6.5,19.6,0,0,0.8746197071393957,0.48480962024633706,29,S1,2021-10-23 20:00:00
2021-10-23 12:00:00,2021-10-23 20:00:00,6.1,18.7,0,0,0.788010753606722,0.6156614753256582,38,S1,2021-10-23 20:00:00
2021-10-23 12:00:00,2021-10-23 21:00:00,5.3,18.0,0,0,0.6560590289905073,0.754709580222772,49,S1,2021-10-23 20:00:00
2021-10-23 12:00:00,2021-10-23 22:00:00,4.9,17.2,0,0,0.5446390350150272,0.8386705679454239,57,S1,2021-10-23 20:00:00
2021-10-23 12:00:00,2021-10-23 23:00:00,4.5,16.6,0,0,0.4848096202463371,0.8746197071393957,61,S1,2021-10-23 20:00:00
2021-10-23 12:00:00,2021-10-24 00:00:00,4.4,16.0,0,0,0.5000000000000001,0.8660254037844386,60,S1,2021-10-23 20:00:00
2021-10-23 12:00:00,2021-10-24 01:00:00,4.2,15.6,0,0,0.5150380749100543,0.8571673007021122,59,S1,2021-10-23 20:00:00
2021-10-23 12:00:00,2021-10-24 02:00:00,4.1,15.2,0,0,0.5150380749100543,0.8571673007021122,59,S1,2021-10-23 20:00:00
2021-10-23 12:00:00,2021-10-24 03:00:00,3.8,15.0,0,0,0.42261826174069944,0.9063077870366499,65,S1,2021-10-23 20:00:00
2021-10-23 12:00:00,2021-10-24 04:00:00,3.4,14.7,0,0,0.30901699437494745,0.9510565162951535,72,S1,2021-10-23 20:00:00
2021-10-23 12:00:00,2021-10-24 05:00:00,3.0,14.3,0,0,0.25881904510252074,0.9659258262890683,75,S1,2021-10-23 20:00:00
2021-10-23 12:00:00,2021-10-24 06:00:00,2.7,13.9,0,0,0.15643446504023092,0.9876883405951378,81,S1,2021-10-23 20:00:00
2021-10-23 12:00:00,2021-10-24 07:00:00,2.2,13.5,0,0,0.1391731009600657,0.9902680687415703,82,S1,2021-10-23 20:00:00
2021-10-23 12:00:00,2021-10-24 08:00:00,2.1,14.5,109,0,0.20791169081775945,0.9781476007338056,78,S1,2021-10-23 20:00:00
2021-10-23 12:00:00,2021-10-24 09:00:00,1.8,16.8,303,0,0.42261826174069944,0.9063077870366499,65,S1,2021-10-23 20:00:00
2021-10-23 12:00:00,2021-10-24 10:00:00,3.1,21.1,468,0,0.5446390350150272,0.8386705679454239,57,S1,2021-10-23 20:00:00
2021-10-24 00:00:00,2021-10-24 00:00:00,5.3,15.6,0,0,0.46947156278589086,0.8829475928589269,62,S1,2021-10-24 08:00:00
2021-10-24 00:00:00,2021-10-24 01:00:00,3.6,14.8,0,0,0.4848096202463371,0.8746197071393957,61,S1,2021-10-24 08:00:00
2021-10-24 00:00:00,2021-10-24 02:00:00,5.0,15.3,0,0,0.4067366430758002,0.9135454576426009,66,S1,2021-10-24 08:00:00
2021-10-24 00:00:00,2021-10-24 03:00:00,4.8,15.3,0,0,0.32556815445715676,0.9455185755993167,71,S1,2021-10-24 08:00:00
2021-10-24 00:00:00,2021-10-24 04:00:00,4.3,15.3,0,0,0.2419218955996679,0.9702957262759965,76,S1,2021-10-24 08:00:00
2021-10-24 00:00:00,2021-10-24 05:00:00,4.4,15.5,0,0,0.2419218955996679,0.9702957262759965,76,S1,2021-10-24 08:00:00
2021-10-24 00:00:00,2021-10-24 06:00:00,4.4,15.9,0,0,0.32556815445715676,0.9455185755993167,71,S1,2021-10-24 08:00:00
2021-10-24 00:00:00,2021-10-24 07:00:00,3.9,16.1,0,0,0.3420201433256688,0.9396926207859083,70,S1,2021-10-24 08:00:00
2021-10-24 00:00:00,2021-10-24 08:00:00,3.3,16.2,109,0,0.3420201433256688,0.9396926207859083,70,S1,2021-10-24 08:00:00
2021-10-24 00:00:00,2021-10-24 09:00:00,3.2,17.7,303,0,0.4539904997395468,0.8910065241883678,63,S1,2021-10-24 08:00:00
2021-10-24 00:00:00,2021-10-24 10:00:00,3.1,20.7,468,0,0.6560590289905073,0.754709580222772,49,S1,2021-10-24 08:00:00
2021-10-24 00:00:00,2021-10-24 11:00:00,3.6,23.8,592,0,0.7771459614569709,0.6293203910498374,39,S1,2021-10-24 08:00:00
2021-10-24 00:00:00,2021-10-24 12:00:00,3.5,25.8,666,0,0.848048096156426,0.5299192642332049,32,S1,2021-10-24 08:00:00
2021-10-24 00:00:00,2021-10-24 13:00:00,3.4,27.7,686,0,0.9205048534524404,0.3907311284892737,23,S1,2021-10-24 08:00:00
2021-10-24 00:00:00,2021-10-24 14:00:00,3.4,28.8,649,0,0.9743700647852352,0.224951054343865,13,S1,2021-10-24 08:00:00
2021-10-24 00:00:00,2021-10-24 15:00:00,3.7,29.0,560,0,0.9975640502598242,0.0697564737441253,4,S1,2021-10-24 08:00:00
2021-10-24 00:00:00,2021-10-24 16:00:00,4.3,28.2,423,0,0.9993908270190958,0.03489949670250097,2,S1,2021-10-24 08:00:00
2021-10-24 00:00:00,2021-10-24 17:00:00,4.9,26.4,248,0,0.981627183447664,0.1908089953765448,11,S1,2021-10-24 08:00:00
2021-10-24 00:00:00,2021-10-24 18:00:00,5.0,24.2,47,0,0.9510565162951535,0.3090169943749474,18,S1,2021-10-24 08:00:00
2021-10-24 00:00:00,2021-10-24 19:00:00,5.1,22.4,0,0,0.8910065241883679,0.45399049973954675,27,S1,2021-10-24 08:00:00
2021-10-24 00:00:00,2021-10-24 20:00:00,5.1,21.6,0,0,0.8090169943749475,0.5877852522924731,36,S1,2021-10-24 08:00:00
2021-10-24 00:00:00,2021-10-24 21:00:00,5.3,21.0,0,0,0.6560590289905073,0.754709580222772,49,S1,2021-10-24 08:00:00
2021-10-24 00:00:00,2021-10-24 22:00:00,5.1,20.4,0,0,0.573576436351046,0.8191520442889918,55,S1,2021-10-24 08:00:00
2021-10-24 00:00:00,2021-10-24 23:00:00,4.6,19.9,0,0,0.5299192642332049,0.8480480961564261,58,S1,2021-10-24 08:00:00
2021-10-24 00:00:00,2021-10-25 00:00:00,4.1,19.5,0,0,0.4848096202463371,0.8746197071393957,61,S1,2021-10-24 08:00:00
2021-10-24 00:00:00,2021-10-25 01:00:00,3.7,19.2,0,0,0.46947156278589086,0.8829475928589269,62,S1,2021-10-24 08:00:00
2021-10-24 00:00:00,2021-10-25 02:00:00,3.3,18.9,0,0,0.4848096202463371,0.8746197071393957,61,S1,2021-10-24 08:00:00
2021-10-24 00:00:00,2021-10-25 03:00:00,2.9,18.6,0,0,0.5446390350150272,0.8386705679454239,57,S1,2021-10-24 08:00:00
2021-10-24 00:00:00,2021-10-25 04:00:00,2.6,18.0,0,0,0.4848096202463371,0.8746197071393957,61,S1,2021-10-24 08:00:00
2021-10-24 00:00:00,2021-10-25 05:00:00,2.2,17.3,0,0,0.3583679495453004,0.9335804264972017,69,S1,2021-10-24 08:00:00
2021-10-24 00:00:00,2021-10-25 06:00:00,1.9,17.0,0,0,0.25881904510252074,0.9659258262890683,75,S1,2021-10-24 08:00:00
2021-10-24 00:00:00,2021-10-25 07:00:00,1.7,16.9,0,0,0.37460659341591196,0.9271838545667874,68,S1,2021-10-24 08:00:00
2021-10-24 00:00:00,2021-10-25 08:00:00,1.9,17.6,106,0,0.43837114678907746,0.898794046299167,64,S1,2021-10-24 08:00:00
2021-10-24 00:00:00,2021-10-25 09:00:00,2.9,19.2,300,0,0.5299192642332049,0.8480480961564261,58,S1,2021-10-24 08:00:00
2021-10-24 00:00:00,2021-10-25 10:00:00,3.4,21.0,465,0,0.7193398003386512,0.6946583704589973,44,S1,2021-10-24 08:00:00
2021-10-24 00:00:00,2021-10-25 11:00:00,3.4,23.4,588,0,0.8090169943749475,0.5877852522924731,36,S1,2021-10-24 08:00:00
2021-10-24 00:00:00,2021-10-25 12:00:00,3.6,25.5,662,0,0.9396926207859084,0.3420201433256687,20,S1,2021-10-24 08:00:00
2021-10-24 00:00:00,2021-10-25 13:00:00,4.1,26.7,682,0,0.9902680687415704,0.13917310096006544,8,S1,2021-10-24 08:00:00
2021-10-24 00:00:00,2021-10-25 14:00:00,5.0,27.0,645,0,0.9975640502598242,0.0697564737441253,4,S1,2021-10-24 08:00:00
2021-10-24 00:00:00,2021-10-25 15:00:00,5.7,26.3,555,0,0.9993908270190958,-0.034899496702500823,358,S1,2021-10-24 08:00:00
2021-10-24 00:00:00,2021-10-25 16:00:00,6.1,24.9,419,0,1.0,-2.4492935982947064e-16,360,S1,2021-10-24 08:00:00
2021-10-24 00:00:00,2021-10-25 17:00:00,5.9,23.2,244,0,0.9961946980917455,0.08715574274765817,5,S1,2021-10-24 08:00:00
2021-10-24 00:00:00,2021-10-25 18:00:00,5.2,21.5,43,0,0.9743700647852352,0.224951054343865,13,S1,2021-10-24 08:00:00
2021-10-24 00:00:00,2021-10-25 19:00:00,4.5,20.4,0,0,0.9455185755993168,0.32556815445715664,19,S1,2021-10-24 08:00:00
2021-10-24 00:00:00,2021-10-25 20:00:00,3.9,19.7,0,0,0.9135454576426009,0.40673664307580015,24,S1,2021-10-24 08:00:00
2021-10-24 00:00:00,2021-10-25 21:00:00,3.3,19.2,0,0,0.882947592858927,0.4694715627858908,28,S1,2021-10-24 08:00:00
2021-10-24 00:00:00,2021-10-25 22:00:00,2.6,18.7,0,0,0.8571673007021123,0.5150380749100542,31,S1,2021-10-24 08:00:00
2021-10-24 00:00:00,2021-10-25 23:00:00,2.1,18.2,0,0,0.898794046299167,0.4383711467890774,26,S1,2021-10-24 08:00:00
2021-10-24 12:00:00,2021-10-24 12:00:00,3.9,25.1,666,0,0.8910065241883679,0.45399049973954675,27,S1,2021-10-24 20:00:00
2021-10-24 12:00:00,2021-10-24 13:00:00,3.6,26.8,686,0,0.9702957262759965,0.24192189559966773,14,S1,2021-10-24 20:00:00
2021-10-24 12:00:00,2021-10-24 14:00:00,3.9,28.0,649,0,0.984807753012208,0.17364817766693033,10,S1,2021-10-24 20:00:00
2021-10-24 12:00:00,2021-10-24 15:00:00,4.0,28.4,560,0,0.992546151641322,0.12186934340514748,7,S1,2021-10-24 20:00:00
2021-10-24 12:00:00,2021-10-24 16:00:00,4.4,27.9,423,0,0.992546151641322,0.12186934340514748,7,S1,2021-10-24 20:00:00
2021-10-24 12:00:00,2021-10-24 17:00:00,5.2,26.1,248,0,0.9961946980917455,0.08715574274765817,5,S1,2021-10-24 20:00:00
2021-10-24 12:00:00,2021-10-24 18:00:00,5.2,23.6,47,0,0.9659258262890683,0.25881904510252074,15,S1,2021-10-24 20:00:00
2021-10-24 12:00:00,2021-10-24 19:00:00,4.9,22.1,0,0,0.8910065241883679,0.45399049973954675,27,S1,2021-10-24 20:00:00
2021-10-24 12:00:00,2021-10-24 20:00:00,5.0,21.3,0,0,0.788010753606722,0.6156614753256582,38,S1,2021-10-24 20:00:00
2021-10-24 12:00:00,2021-10-24 21:00:00,5.4,20.9,0,0,0.6691306063588582,0.7431448254773941,48,S1,2021-10-24 20:00:00
2021-10-24 12:00:00,2021-10-24 22:00:00,5.4,20.5,0,0,0.5591929034707468,0.8290375725550417,56,S1,2021-10-24 20:00:00
2021-10-24 12:00:00,2021-10-24 23:00:00,4.8,20.1,0,0,0.5000000000000001,0.8660254037844386,60,S1,2021-10-24 20:00:00
2021-10-24 12:00:00,2021-10-25 00:00:00,4.4,19.5,0,0,0.4848096202463371,0.8746197071393957,61,S1,2021-10-24 20:00:00
2021-10-24 12:00:00,2021-10-25 01:00:00,4.2,19.0,0,0,0.4848096202463371,0.8746197071393957,61,S1,2021-10-24 20:00:00
2021-10-24 12:00:00,2021-10-25 02:00:00,3.6,18.6,0,0,0.46947156278589086,0.8829475928589269,62,S1,2021-10-24 20:00:00
2021-10-24 12:00:00,2021-10-25 03:00:00,3.2,18.3,0,0,0.573576436351046,0.8191520442889918,55,S1,2021-10-24 20:00:00
2021-10-24 12:00:00,2021-10-25 04:00:00,3.2,17.9,0,0,0.6018150231520484,0.7986355100472928,53,S1,2021-10-24 20:00:00
2021-10-25 00:00:00,2021-10-25 00:00:00,4.8,18.5,0,0,0.4539904997395468,0.8910065241883678,63,S1,2021-10-25 08:00:00
2021-10-25 00:00:00,2021-10-25 01:00:00,2.8,17.6,0,0,0.4539904997395468,0.8910065241883678,63,S1,2021-10-25 08:00:00
2021-10-25 00:00:00,2021-10-25 02:00:00,3.7,17.7,0,0,0.5299192642332049,0.8480480961564261,58,S1,2021-10-25 08:00:00
2021-10-25 00:00:00,2021-10-25 03:00:00,3.5,17.5,0,0,0.573576436351046,0.8191520442889918,55,S1,2021-10-25 08:00:00
2021-10-25 00:00:00,2021-10-25 04:00:00,3.5,17.4,0,0,0.5446390350150272,0.8386705679454239,57,S1,2021-10-25 08:00:00
2021-10-25 00:00:00,2021-10-25 05:00:00,3.9,17.8,0,0,0.5299192642332049,0.8480480961564261,58,S1,2021-10-25 08:00:00
2021-10-25 00:00:00,2021-10-25 06:00:00,3.8,18.1,0,0,0.5446390350150272,0.8386705679454239,57,S1,2021-10-25 08:00:00
2021-10-25 00:00:00,2021-10-25 07:00:00,4.3,18.3,0,0,0.5150380749100543,0.8571673007021122,59,S1,2021-10-25 08:00:00
2021-10-25 00:00:00,2021-10-25 08:00:00,4.6,18.4,106,0,0.4539904997395468,0.8910065241883678,63,S1,2021-10-25 08:00:00
2021-10-25 00:00:00,2021-10-25 09:00:00,4.5,19.2,300,0,0.43837114678907746,0.898794046299167,64,S1,2021-10-25 08:00:00
2021-10-25 00:00:00,2021-10-25 10:00:00,3.9,20.6,465,0,0.5299192642332049,0.8480480961564261,58,S1,2021-10-25 08:00:00
2021-10-25 00:00:00,2021-10-25 11:00:00,3.5,22.3,588,0,0.7193398003386512,0.6946583704589973,44,S1,2021-10-25 08:00:00
2021-10-25 00:00:00,2021-10-25 12:00:00,3.1,23.7,662,0,0.984807753012208,0.17364817766693033,10,S1,2021-10-25 08:00:00
2021-10-25 00:00:00,2021-10-25 13:00:00,4.9,25.6,682,0,0.9271838545667874,0.374606593415912,22,S1,2021-10-25 08:00:00
2021-10-25 00:00:00,2021-10-25 14:00:00,4.7,26.5,645,0,0.9743700647852352,0.224951054343865,13,S1,2021-10-25 08:00:00
2021-10-25 00:00:00,2021-10-25 15:00:00,5.7,26.4,555,0,0.992546151641322,0.12186934340514748,7,S1,2021-10-25 08:00:00
2021-10-25 00:00:00,2021-10-25 16:00:00,6.1,25.1,419,0,0.9945218953682733,0.10452846326765346,6,S1,2021-10-25 08:00:00
2021-10-25 00:00:00,2021-10-25 17:00:00,5.8,23.3,244,0,0.9902680687415704,0.13917310096006544,8,S1,2021-10-25 08:00:00
2021-10-25 00:00:00,2021-10-25 18:00:00,5.0,21.5,43,0,0.9743700647852352,0.224951054343865,13,S1,2021-10-25 08:00:00
2021-10-25 00:00:00,2021-10-25 19:00:00,4.4,20.3,0,0,0.9563047559630354,0.29237170472273677,17,S1,2021-10-25 08:00:00
2021-10-25 00:00:00,2021-10-25 20:00:00,3.9,19.5,0,0,0.9396926207859084,0.3420201433256687,20,S1,2021-10-25 08:00:00
2021-10-25 00:00:00,2021-10-25 21:00:00,3.5,19.0,0,0,0.9271838545667874,0.374606593415912,22,S1,2021-10-25 08:00:00
2021-10-25 00:00:00,2021-10-25 22:00:00,3.3,18.6,0,0,0.9135454576426009,0.40673664307580015,24,S1,2021-10-25 08:00:00
2021-10-25 00:00:00,2021-10-25 23:00:00,3.0,18.5,0,0,0.8660254037844387,0.49999999999999994,30,S1,2021-10-25 08:00:00
2021-10-25 00:00:00,2021-10-26 00:00:00,2.8,18.1,0,0,0.8090169943749475,0.5877852522924731,36,S1,2021-10-25 08:00:00
2021-10-25 00:00:00,2021-10-26 01:00:00,2.8,18.2,0,0,0.6819983600624985,0.7313537016191705,47,S1,2021-10-25 08:00:00
2021-10-25 00:00:00,2021-10-26 02:00:00,3.0,18.4,0,0,0.5446390350150272,0.8386705679454239,57,S1,2021-10-25 08:00:00
2021-10-25 00:00:00,2021-10-26 03:00:00,3.1,18.5,0,0,0.42261826174069944,0.9063077870366499,65,S1,2021-10-25 08:00:00
2021-10-25 00:00:00,2021-10-26 04:00:00,2.8,18.6,0,0,0.4067366430758002,0.9135454576426009,66,S1,2021-10-25 08:00:00
2021-10-25 00:00:00,2021-10-26 05:00:00,2.4,18.6,0,0,0.4539904997395468,0.8910065241883678,63,S1,2021-10-25 08:00:00
2021-10-25 00:00:00,2021-10-26 06:00:00,2.0,18.5,0,0,0.43837114678907746,0.898794046299167,64,S1,2021-10-25 08:00:00
2021-10-25 00:00:00,2021-10-26 07:00:00,1.6,18.1,0,0,0.5150380749100543,0.8571673007021122,59,S1,2021-10-25 08:00:00
2021-10-25 00:00:00,2021-10-26 08:00:00,1.4,18.4,103,0,0.7431448254773942,0.6691306063588582,42,S1,2021-10-25 08:00:00
2021-10-25 00:00:00,2021-10-26 09:00:00,1.7,19.6,297,0,0.7313537016191706,0.6819983600624985,43,S1,2021-10-25 08:00:00
2021-10-25 00:00:00,2021-10-26 10:00:00,3.2,22.1,461,0,0.848048096156426,0.5299192642332049,32,S1,2021-10-25 08:00:00
2021-10-25 00:00:00,2021-10-26 11:00:00,3.4,23.9,584,0,0.9510565162951535,0.3090169943749474,18,S1,2021-10-25 08:00:00
2021-10-25 00:00:00,2021-10-26 12:00:00,3.8,25.4,658,0,0.9945218953682733,0.10452846326765346,6,S1,2021-10-25 08:00:00
2021-10-25 00:00:00,2021-10-26 13:00:00,4.6,26.5,677,0,0.9993908270190958,-0.034899496702500823,358,S1,2021-10-25 08:00:00
2021-10-25 00:00:00,2021-10-26 14:00:00,5.9,26.7,641,0,0.9945218953682733,-0.10452846326765342,354,S1,2021-10-25 08:00:00
2021-10-25 00:00:00,2021-10-26 15:00:00,6.7,25.7,551,0,0.9945218953682733,-0.10452846326765342,354,S1,2021-10-25 08:00:00
2021-10-25 00:00:00,2021-10-26 16:00:00,6.5,24.4,242,0,0.9975640502598243,-0.06975647374412476,356,S1,2021-10-25 08:00:00
2021-10-25 00:00:00,2021-10-26 17:00:00,6.0,23.0,83,0,0.9998476951563913,-0.01745240643728445,359,S1,2021-10-25 08:00:00
2021-10-25 00:00:00,2021-10-26 18:00:00,5.3,21.3,39,0,0.9945218953682733,0.10452846326765346,6,S1,2021-10-25 08:00:00
2021-10-25 00:00:00,2021-10-26 19:00:00,4.7,20.2,0,0,0.9702957262759965,0.24192189559966773,14,S1,2021-10-25 08:00:00
2021-10-25 00:00:00,2021-10-26 20:00:00,4.1,19.4,0,0,0.9335804264972017,0.35836794954530027,21,S1,2021-10-25 08:00:00
2021-10-25 00:00:00,2021-10-26 21:00:00,3.3,18.7,0,0,0.9063077870366499,0.42261826174069944,25,S1,2021-10-25 08:00:00
2021-10-25 00:00:00,2021-10-26 22:00:00,2.6,18.3,0,0,0.9063077870366499,0.42261826174069944,25,S1,2021-10-25 08:00:00
2021-10-25 00:00:00,2021-10-26 23:00:00,1.9,17.8,0,0,0.9271838545667874,0.374606593415912,22,S1,2021-10-25 08:00:00
2021-10-26 00:00:00,2021-10-26 00:00:00,2.7,18.3,0,0,0.9396926207859084,0.3420201433256687,20,S1,2021-10-26 08:00:00
2021-10-26 00:00:00,2021-10-26 01:00:00,1.7,17.7,0,0,0.8571673007021123,0.5150380749100542,31,S1,2021-10-26 08:00:00
2021-10-26 00:00:00,2021-10-26 02:00:00,2.7,18.0,0,0,0.8660254037844387,0.49999999999999994,30,S1,2021-10-26 08:00:00
2021-10-26 00:00:00,2021-10-26 03:00:00,2.4,18.1,0,0,0.7431448254773942,0.6691306063588582,42,S1,2021-10-26 08:00:00
2021-10-26 00:00:00,2021-10-26 04:00:00,2.8,18.3,0,0,0.6691306063588582,0.7431448254773941,48,S1,2021-10-26 08:00:00
2021-10-26 00:00:00,2021-10-26 05:00:00,2.7,18.4,0,0,0.6691306063588582,0.7431448254773941,48,S1,2021-10-26 08:00:00
2021-10-26 00:00:00,2021-10-26 06:00:00,2.6,18.3,0,0,0.6293203910498375,0.7771459614569708,51,S1,2021-10-26 08:00:00
2021-10-26 00:00:00,2021-10-26 07:00:00,2.4,17.9,0,0,0.6293203910498375,0.7771459614569708,51,S1,2021-10-26 08:00:00
2021-10-26 00:00:00,2021-10-26 08:00:00,2.5,18.4,103,0,0.6427876096865394,0.766044443118978,50,S1,2021-10-26 08:00:00
2021-10-26 00:00:00,2021-10-26 09:00:00,3.4,20.3,297,0,0.6427876096865394,0.766044443118978,50,S1,2021-10-26 08:00:00
2021-10-26 00:00:00,2021-10-26 10:00:00,3.7,22.3,461,0,0.7071067811865476,0.7071067811865476,45,S1,2021-10-26 08:00:00
2021-10-26 00:00:00,2021-10-26 11:00:00,3.6,23.9,584,0,0.8290375725550417,0.5591929034707469,34,S1,2021-10-26 08:00:00
2021-10-26 00:00:00,2021-10-26 12:00:00,3.9,25.5,234,0,0.9455185755993168,0.32556815445715664,19,S1,2021-10-26 08:00:00
2021-10-26 00:00:00,2021-10-26 13:00:00,4.7,26.7,677,0,0.9945218953682733,0.10452846326765346,6,S1,2021-10-26 08:00:00
2021-10-26 00:00:00,2021-10-26 14:00:00,5.9,26.9,641,0,0.9998476951563913,-0.01745240643728445,359,S1,2021-10-26 08:00:00
2021-10-26 00:00:00,2021-10-26 15:00:00,6.7,26.1,551,0,0.9993908270190958,-0.034899496702500823,358,S1,2021-10-26 08:00:00
2021-10-26 00:00:00,2021-10-26 16:00:00,6.7,24.7,415,0,1.0,-2.4492935982947064e-16,360,S1,2021-10-26 08:00:00
2021-10-26 00:00:00,2021-10-26 17:00:00,6.3,23.1,240,0,0.9986295347545738,0.05233595624294383,3,S1,2021-10-26 08:00:00
2021-10-26 00:00:00,2021-10-26 18:00:00,5.7,21.4,39,0,0.9902680687415704,0.13917310096006544,8,S1,2021-10-26 08:00:00
2021-10-26 00:00:00,2021-10-26 19:00:00,5.0,20.2,0,0,0.9659258262890683,0.25881904510252074,15,S1,2021-10-26 08:00:00
2021-10-26 00:00:00,2021-10-26 20:00:00,4.3,19.5,0,0,0.9205048534524404,0.3907311284892737,23,S1,2021-10-26 08:00:00
2021-10-26 00:00:00,2021-10-26 21:00:00,3.7,18.8,0,0,0.848048096156426,0.5299192642332049,32,S1,2021-10-26 08:00:00
2021-10-26 00:00:00,2021-10-26 22:00:00,2.9,18.2,0,0,0.7986355100472928,0.6018150231520483,37,S1,2021-10-26 08:00:00
2021-10-26 00:00:00,2021-10-26 23:00:00,2.3,17.8,0,0,0.7986355100472928,0.6018150231520483,37,S1,2021-10-26 08:00:00
2021-10-26 00:00:00,2021-10-27 00:00:00,1.8,17.6,0,0,0.882947592858927,0.4694715627858908,28,S1,2021-10-26 08:00:00
2021-10-26 00:00:00,2021-10-27 01:00:00,1.0,17.1,0,0,0.8660254037844387,0.49999999999999994,30,S1,2021-10-26 08:00:00
2021-10-26 00:00:00,2021-10-27 02:00:00,0.5,16.6,0,0,-0.08715574274765824,0.9961946980917455,95,S3,2021-10-26 08:00:00
2021-10-26 00:00:00,2021-10-27 03:00:00,0.9,16.7,0,0,-0.6560590289905075,0.7547095802227718,131,S2b,2021-10-26 08:00:00
2021-10-26 00:00:00,2021-10-27 04:00:00,1.3,16.9,0,0,-0.6691306063588582,0.7431448254773942,132,S2b,2021-10-26 08:00:00
2021-10-26 00:00:00,2021-10-27 05:00:00,1.0,17.2,0,0,-0.587785252292473,0.8090169943749475,126,S2b,2021-10-26 08:00:00
2021-10-26 00:00:00,2021-10-27 06:00:00,0.8,17.1,0,0,0.12186934340514749,0.992546151641322,83,S2,2021-10-26 08:00:00
2021-10-26 00:00:00,2021-10-27 07:00:00,0.4,16.7,0,0,0.42261826174069944,0.9063077870366499,65,S3,2021-10-26 08:00:00
2021-10-26 00:00:00,2021-10-27 08:00:00,0.4,17.0,99,0,0.27563735581699916,0.9612616959383189,74,S3,2021-10-26 08:00:00
2021-10-26 00:00:00,2021-10-27 09:00:00,0.7,18.4,293,0,-0.4067366430758001,0.913545457642601,114,S2b,2021-10-26 08:00:00
2021-10-26 00:00:00,2021-10-27 10:00:00,0.7,20.1,457,0,0.32556815445715676,0.9455185755993167,71,S2,2021-10-26 08:00:00
2021-10-26 00:00:00,2021-10-27 11:00:00,1.7,22.7,580,0,0.9975640502598242,0.0697564737441253,4,S1,2021-10-26 08:00:00
2021-10-26 00:00:00,2021-10-27 12:00:00,2.5,24.4,654,0,0.9205048534524399,-0.3907311284892747,337,S1,2021-10-26 08:00:00
2021-10-26 00:00:00,2021-10-27 13:00:00,3.4,25.3,673,0,0.7771459614569706,-0.6293203910498378,321,S1,2021-10-26 08:00:00
2021-10-26 00:00:00,2021-10-27 14:00:00,4.0,25.4,637,0,0.7313537016191707,-0.6819983600624983,317,S1,2021-10-26 08:00:00
2021-10-26 00:00:00,2021-10-27 15:00:00,4.3,24.9,547,0,0.7431448254773942,-0.6691306063588581,318,S1,2021-10-26 08:00:00
2021-10-26 00:00:00,2021-10-27 16:00:00,4.4,23.9,411,0,0.7986355100472928,-0.6018150231520483,323,S1,2021-10-26 08:00:00
2021-10-26 00:00:00,2021-10-27 17:00:00,4.1,22.4,236,0,0.838670567945424,-0.544639035015027,327,S1,2021-10-26 08:00:00
2021-10-26 00:00:00,2021-10-27 18:00:00,3.6,20.8,36,0,0.9563047559630357,-0.29237170472273627,343,S1,2021-10-26 08:00:00
2021-10-26 00:00:00,2021-10-27 19:00:00,3.1,19.9,0,0,0.9876883405951378,0.15643446504023087,9,S1,2021-10-26 08:00:00
2021-10-26 00:00:00,2021-10-27 20:00:00,3.0,19.3,0,0,0.898794046299167,0.4383711467890774,26,S1,2021-10-26 08:00:00
2021-10-26 00:00:00,2021-10-27 21:00:00,3.0,18.7,0,0,0.8090169943749475,0.5877852522924731,36,S1,2021-10-26 08:00:00
2021-10-26 00:00:00,2021-10-27 22:00:00,2.6,18.1,0,0,0.754709580222772,0.6560590289905072,41,S1,2021-10-26 08:00:00
2021-10-26 00:00:00,2021-10-27 23:00:00,2.1,17.6,0,0,0.7071067811865476,0.7071067811865476,45,S1,2021-10-26 08:00:00
2021-10-27 00:00:00,2021-10-27 00:00:00,2.2,16.6,0,0,0.9743700647852352,0.224951054343865,13,S1,2021-10-27 08:00:00
2021-10-27 00:00:00,2021-10-27 01:00:00,1.1,16.0,0,0,0.8746197071393957,0.48480962024633706,29,S1,2021-10-27 08:00:00
2021-10-27 00:00:00,2021-10-27 02:00:00,0.8,15.7,0,0,-0.25881904510252085,0.9659258262890683,105,S2b,2021-10-27 08:00:00
2021-10-27 00:00:00,2021-10-27 03:00:00,1.3,15.8,0,0,-0.7193398003386513,0.6946583704589971,136,S2b,2021-10-27 08:00:00
2021-10-27 00:00:00,2021-10-27 04:00:00,1.4,15.9,0,0,-0.848048096156426,0.5299192642332049,148,S3b,2021-10-27 08:00:00
2021-10-27 00:00:00,2021-10-27 05:00:00,1.4,16.1,0,0,-0.8910065241883678,0.45399049973954686,153,S3b,2021-10-27 08:00:00
2021-10-27 00:00:00,2021-10-27 06:00:00,1.2,16.0,0,0,-0.7986355100472929,0.6018150231520482,143,S2b,2021-10-27 08:00:00
2021-10-27 00:00:00,2021-10-27 07:00:00,1.1,16.1,0,0,-0.7071067811865475,0.7071067811865476,135,S2b,2021-10-27 08:00:00
2021-10-27 00:00:00,2021-10-27 08:00:00,0.9,17.3,82,0,-0.694658370458997,0.7193398003386514,134,S2b,2021-10-27 08:00:00
2021-10-27 00:00:00,2021-10-27 09:00:00,0.6,18.4,220,0,-0.6427876096865394,0.766044443118978,130,S2b,2021-10-27 08:00:00
2021-10-27 00:00:00,2021-10-27 10:00:00,0.5,19.6,277,0,0.9510565162951535,0.3090169943749474,18,S2,2021-10-27 08:00:00
2021-10-27 00:00:00,2021-10-27 11:00:00,1.7,21.3,580,0,0.9945218953682733,-0.10452846326765342,354,S1,2021-10-27 08:00:00
2021-10-27 00:00:00,2021-10-27 12:00:00,2.8,22.7,654,0,0.9612616959383187,-0.2756373558169998,344,S1,2021-10-27 08:00:00
2021-10-27 00:00:00,2021-10-27 13:00:00,3.7,24.0,673,0,0.9335804264972015,-0.35836794954530077,339,S1,2021-10-27 08:00:00
2021-10-27 00:00:00,2021-10-27 14:00:00,4.3,24.6,628,0,0.9063077870366497,-0.4226182617407,335,S1,2021-10-27 08:00:00
2021-10-27 00:00:00,2021-10-27 15:00:00,4.7,24.4,501,0,0.9205048534524399,-0.3907311284892747,337,S1,2021-10-27 08:00:00
2021-10-27 00:00:00,2021-10-27 16:00:00,4.8,23.9,411,0,0.9659258262890683,-0.2588190451025207,345,S1,2021-10-27 08:00:00
2021-10-27 00:00:00,2021-10-27 17:00:00,4.5,23.0,236,0,0.9975640502598243,-0.06975647374412476,356,S1,2021-10-27 08:00:00
2021-10-27 00:00:00,2021-10-27 18:00:00,3.8,21.7,36,0,0.984807753012208,0.17364817766693033,10,S1,2021-10-27 08:00:00
2021-10-27 00:00:00,2021-10-27 19:00:00,3.0,20.5,0,0,0.9455185755993168,0.32556815445715664,19,S1,2021-10-27 08:00:00
2021-10-27 00:00:00,2021-10-27 20:00:00,2.4,19.4,0,0,0.9271838545667874,0.374606593415912,22,S1,2021-10-27 08:00:00
2021-10-27 00:00:00,2021-10-27 21:00:00,2.3,18.5,0,0,0.8090169943749475,0.5877852522924731,36,S1,2021-10-27 08:00:00
2021-10-27 00:00:00,2021-10-27 22:00:00,2.2,17.8,0,0,0.7193398003386512,0.6946583704589973,44,S1,2021-10-27 08:00:00
2021-10-27 00:00:00,2021-10-27 23:00:00,2.0,17.2,0,0,0.6018150231520484,0.7986355100472928,53,S1,2021-10-27 08:00:00
2021-10-27 00:00:00,2021-10-28 00:00:00,1.8,16.6,0,0,0.5877852522924731,0.8090169943749475,54,S1,2021-10-27 08:00:00
2021-10-27 00:00:00,2021-10-28 01:00:00,1.6,16.2,0,0,0.6156614753256583,0.788010753606722,52,S1,2021-10-27 08:00:00
2021-10-27 00:00:00,2021-10-28 02:00:00,1.2,15.9,0,0,0.573576436351046,0.8191520442889918,55,S1,2021-10-27 08:00:00
2021-10-27 00:00:00,2021-10-28 03:00:00,0.8,15.6,0,0,0.5299192642332049,0.8480480961564261,58,S2,2021-10-27 08:00:00
2021-10-27 00:00:00,2021-10-28 04:00:00,1.0,15.1,0,0,0.766044443118978,0.6427876096865393,40,S1,2021-10-27 08:00:00
2021-10-27 00:00:00,2021-10-28 05:00:00,1.1,14.6,0,0,0.573576436351046,0.8191520442889918,55,S1,2021-10-27 08:00:00
2021-10-27 00:00:00,2021-10-28 06:00:00,1.0,14.5,0,0,-0.12186934340514737,0.9925461516413221,97,S1,2021-10-27 08:00:00
2021-10-27 00:00:00,2021-10-28 07:00:00,1.2,14.6,0,0,-0.484809620246337,0.8746197071393959,119,S2b,2021-10-27 08:00:00
2021-10-27 00:00:00,2021-10-28 08:00:00,1.1,15.1,96,0,-0.5150380749100543,0.8571673007021123,121,S2b,2021-10-27 08:00:00
2021-10-27 00:00:00,2021-10-28 09:00:00,0.6,17.2,290,0,-0.1736481776669303,0.984807753012208,100,S2,2021-10-27 08:00:00
2021-10-27 00:00:00,2021-10-28 10:00:00,1.0,20.4,453,0,0.9135454576426009,0.40673664307580015,24,S1,2021-10-27 08:00:00
2021-10-27 00:00:00,2021-10-28 11:00:00,1.5,22.9,576,0,0.981627183447664,-0.19080899537654467,349,S1,2021-10-27 08:00:00
2021-10-27 00:00:00,2021-10-28 12:00:00,2.1,24.6,650,0,0.8191520442889916,-0.5735764363510465,325,S1,2021-10-27 08:00:00
2021-10-27 00:00:00,2021-10-28 13:00:00,3.0,25.7,669,0,0.6946583704589966,-0.7193398003386517,314,S1,2021-10-27 08:00:00
2021-10-27 00:00:00,2021-10-28 14:00:00,3.9,25.9,633,0,0.6819983600624979,-0.731353701619171,313,S1,2021-10-27 08:00:00
2021-10-27 00:00:00,2021-10-28 15:00:00,4.3,25.3,543,0,0.7313537016191707,-0.6819983600624983,317,S1,2021-10-27 08:00:00
2021-10-27 00:00:00,2021-10-28 16:00:00,4.4,24.1,407,0,0.7771459614569706,-0.6293203910498378,321,S1,2021-10-27 08:00:00
2021-10-27 00:00:00,2021-10-28 17:00:00,4.2,22.1,232,0,0.8090169943749473,-0.5877852522924734,324,S1,2021-10-27 08:00:00
2021-10-27 00:00:00,2021-10-28 18:00:00,3.2,19.7,32,0,0.8660254037844384,-0.5000000000000004,330,S1,2021-10-27 08:00:00
2021-10-27 00:00:00,2021-10-28 19:00:00,1.9,18.4,0,0,0.9455185755993165,-0.32556815445715753,341,S1,2021-10-27 08:00:00
2021-10-27 00:00:00,2021-10-28 20:00:00,0.5,17.3,0,0,0.992546151641322,0.12186934340514748,7,S2,2021-10-27 08:00:00
2021-10-27 00:00:00,2021-10-28 21:00:00,0.4,16.6,0,0,-0.4383711467890775,0.8987940462991669,116,S4,2021-10-27 08:00:00
2021-10-27 00:00:00,2021-10-28 22:00:00,1.0,16.3,0,0,-0.6156614753256583,0.788010753606722,128,S2b,2021-10-27 08:00:00
2021-10-27 00:00:00,2021-10-28 23:00:00,0.6,15.8,0,0,0.08715574274765789,-0.9961946980917455,275,S2b,2021-10-27 08:00:00
2021-10-27 12:00:00,2021-10-27 12:00:00,2.0,22.6,654,0,0.656059028990507,-0.7547095802227722,311,S1,2021-10-27 20:00:00
2021-10-27 12:00:00,2021-10-27 13:00:00,3.0,24.5,673,0,0.7313537016191707,-0.6819983600624983,317,S1,2021-10-27 20:00:00
2021-10-27 12:00:00,2021-10-27 14:00:00,3.9,25.1,637,0,0.7071067811865474,-0.7071067811865477,315,S1,2021-10-27 20:00:00
2021-10-27 12:00:00,2021-10-27 15:00:00,4.5,24.5,547,0,0.7431448254773942,-0.6691306063588581,318,S1,2021-10-27 20:00:00
2021-10-27 12:00:00,2021-10-27 16:00:00,4.1,23.7,411,0,0.8571673007021121,-0.5150380749100545,329,S1,2021-10-27 20:00:00
2021-10-27 12:00:00,2021-10-27 17:00:00,3.7,23.1,236,0,0.9702957262759965,-0.24192189559966787,346,S1,2021-10-27 20:00:00
2021-10-27 12:00:00,2021-10-27 18:00:00,3.4,21.9,36,0,0.9975640502598242,0.0697564737441253,4,S1,2021-10-27 20:00:00
2021-10-27 12:00:00,2021-10-27 19:00:00,3.1,20.7,0,0,0.9396926207859084,0.3420201433256687,20,S1,2021-10-27 20:00:00
2021-10-27 12:00:00,2021-10-27 20:00:00,2.6,19.6,0,0,0.882947592858927,0.4694715627858908,28,S1,2021-10-27 20:00:00
2021-10-27 12:00:00,2021-10-27 21:00:00,2.7,18.7,0,0,0.8191520442889918,0.573576436351046,35,S1,2021-10-27 20:00:00
2021-10-27 12:00:00,2021-10-27 22:00:00,3.1,18.2,0,0,0.6691306063588582,0.7431448254773941,48,S1,2021-10-27 20:00:00
2021-10-27 12:00:00,2021-10-27 23:00:00,3.0,17.8,0,0,0.4539904997395468,0.8910065241883678,63,S1,2021-10-27 20:00:00
2021-10-27 12:00:00,2021-10-28 09:00:00,0.5,18.8,290,0,-0.8290375725550416,0.5591929034707469,146,S4,2021-10-27 20:00:00
2021-10-27 12:00:00,2021-10-28 00:00:00,2.7,17.4,0,0,0.3583679495453004,0.9335804264972017,69,S1,2021-10-27 20:00:00
2021-10-27 12:00:00,2021-10-28 01:00:00,1.8,16.7,0,0,0.5299192642332049,0.8480480961564261,58,S1,2021-10-27 20:00:00
2021-10-27 12:00:00,2021-10-28 02:00:00,1.4,16.1,0,0,0.8910065241883679,0.45399049973954675,27,S1,2021-10-27 20:00:00
2021-10-27 12:00:00,2021-10-28 03:00:00,1.4,15.8,0,0,0.9993908270190958,0.03489949670250097,2,S1,2021-10-27 20:00:00
2021-10-27 12:00:00,2021-10-28 04:00:00,1.4,15.5,0,0,0.8090169943749475,0.5877852522924731,36,S1,2021-10-27 20:00:00
2021-10-27 12:00:00,2021-10-28 05:00:00,1.5,15.5,0,0,0.4067366430758002,0.9135454576426009,66,S1,2021-10-27 20:00:00
2021-10-27 12:00:00,2021-10-28 06:00:00,1.6,15.6,0,0,0.46947156278589086,0.8829475928589269,62,S1,2021-10-27 20:00:00
2021-10-27 12:00:00,2021-10-28 07:00:00,1.1,15.3,0,0,-0.15643446504023104,0.9876883405951377,99,S1,2021-10-27 20:00:00
2021-10-27 12:00:00,2021-10-28 08:00:00,1.1,16.4,96,0,-0.754709580222772,0.6560590289905073,139,S2b,2021-10-27 20:00:00
2021-10-28 00:00:00,2021-10-28 00:00:00,3.5,17.0,0,0,0.30901699437494745,0.9510565162951535,72,S1,2021-10-28 08:00:00
2021-10-28 00:00:00,2021-10-28 01:00:00,2.3,16.6,0,0,0.37460659341591196,0.9271838545667874,68,S1,2021-10-28 08:00:00
2021-10-28 00:00:00,2021-10-28 02:00:00,1.6,16.3,0,0,0.43837114678907746,0.898794046299167,64,S1,2021-10-28 08:00:00
2021-10-28 00:00:00,2021-10-28 03:00:00,1.2,16.0,0,0,0.8090169943749475,0.5877852522924731,36,S1,2021-10-28 08:00:00
2021-10-28 00:00:00,2021-10-28 04:00:00,1.7,15.6,0,0,0.7193398003386512,0.6946583704589973,44,S1,2021-10-28 08:00:00
2021-10-28 00:00:00,2021-10-28 05:00:00,1.9,15.6,0,0,0.4539904997395468,0.8910065241883678,63,S1,2021-10-28 08:00:00
2021-10-28 00:00:00,2021-10-28 06:00:00,1.8,15.6,0,0,0.32556815445715676,0.9455185755993167,71,S1,2021-10-28 08:00:00
2021-10-28 00:00:00,2021-10-28 07:00:00,1.6,15.5,0,0,0.12186934340514749,0.992546151641322,83,S1,2021-10-28 08:00:00
2021-10-28 00:00:00,2021-10-28 08:00:00,1.5,16.0,96,0,0.10452846326765346,0.9945218953682733,84,S1,2021-10-28 08:00:00
2021-10-28 00:00:00,2021-10-28 09:00:00,1.6,17.3,290,0,0.42261826174069944,0.9063077870366499,65,S1,2021-10-28 08:00:00
2021-10-28 00:00:00,2021-10-28 10:00:00,1.9,19.1,453,0,0.7771459614569709,0.6293203910498374,39,S1,2021-10-28 08:00:00
2021-10-28 00:00:00,2021-10-28 11:00:00,2.5,21.6,576,0,0.9271838545667874,0.374606593415912,22,S1,2021-10-28 08:00:00
2021-10-28 00:00:00,2021-10-28 12:00:00,2.5,23.6,650,0,0.9659258262890683,0.25881904510252074,15,S1,2021-10-28 08:00:00
2021-10-28 00:00:00,2021-10-28 13:00:00,2.5,25.4,669,0,0.9993908270190958,-0.034899496702500823,358,S1,2021-10-28 08:00:00
2021-10-28 00:00:00,2021-10-28 14:00:00,2.8,26.7,633,0,0.9612616959383187,-0.2756373558169998,344,S1,2021-10-28 08:00:00
2021-10-28 00:00:00,2021-10-28 15:00:00,4.1,27.1,543,0,0.8480480961564254,-0.5299192642332058,328,S1,2021-10-28 08:00:00
2021-10-28 00:00:00,2021-10-28 16:00:00,5.9,24.8,407,0,0.8987940462991671,-0.438371146789077,334,S1,2021-10-28 08:00:00
2021-10-28 00:00:00,2021-10-28 17:00:00,5.5,22.6,232,0,0.9702957262759965,-0.24192189559966787,346,S1,2021-10-28 08:00:00
2021-10-28 00:00:00,2021-10-28 18:00:00,4.5,20.7,32,0,0.9945218953682733,-0.10452846326765342,354,S1,2021-10-28 08:00:00
2021-10-28 00:00:00,2021-10-28 19:00:00,3.8,19.6,0,0,0.9998476951563913,0.01745240643728351,1,S1,2021-10-28 08:00:00
2021-10-28 00:00:00,2021-10-28 20:00:00,2.9,18.8,0,0,0.9612616959383189,0.27563735581699916,16,S1,2021-10-28 08:00:00
2021-10-28 00:00:00,2021-10-28 21:00:00,2.3,18.0,0,0,0.848048096156426,0.5299192642332049,32,S1,2021-10-28 08:00:00
2021-10-28 00:00:00,2021-10-28 22:00:00,1.7,17.3,0,0,0.7431448254773942,0.6691306063588582,42,S1,2021-10-28 08:00:00
2021-10-28 00:00:00,2021-10-28 23:00:00,1.3,16.7,0,0,0.5877852522924731,0.8090169943749475,54,S1,2021-10-28 08:00:00
2021-10-28 00:00:00,2021-10-29 00:00:00,1.1,16.3,0,0,0.42261826174069944,0.9063077870366499,65,S1,2021-10-28 08:00:00
2021-10-28 00:00:00,2021-10-29 01:00:00,0.9,16.3,0,0,0.10452846326765346,0.9945218953682733,84,S2,2021-10-28 08:00:00
2021-10-28 00:00:00,2021-10-29 02:00:00,1.2,16.4,0,0,-0.13917310096006535,0.9902680687415704,98,S1,2021-10-28 08:00:00
2021-10-28 00:00:00,2021-10-29 03:00:00,1.3,16.4,0,0,-0.1736481776669303,0.984807753012208,100,S1,2021-10-28 08:00:00
2021-10-28 00:00:00,2021-10-29 04:00:00,1.1,16.5,0,0,-0.13917310096006535,0.9902680687415704,98,S1,2021-10-28 08:00:00
2021-10-28 00:00:00,2021-10-29 05:00:00,1.1,17.1,0,0,0.22495105434386492,0.9743700647852352,77,S1,2021-10-28 08:00:00
2021-10-28 00:00:00,2021-10-29 06:00:00,1.5,17.7,0,0,0.25881904510252074,0.9659258262890683,75,S1,2021-10-28 08:00:00
2021-10-28 00:00:00,2021-10-29 07:00:00,1.6,17.9,0,0,0.30901699437494745,0.9510565162951535,72,S1,2021-10-28 08:00:00
2021-10-28 00:00:00,2021-10-29 08:00:00,1.8,18.4,93,0,0.3583679495453004,0.9335804264972017,69,S1,2021-10-28 08:00:00
2021-10-28 00:00:00,2021-10-29 09:00:00,1.7,19.3,286,0,0.39073112848927394,0.9205048534524403,67,S1,2021-10-28 08:00:00
2021-10-28 00:00:00,2021-10-29 10:00:00,1.3,20.4,450,0,0.43837114678907746,0.898794046299167,64,S1,2021-10-28 08:00:00
2021-10-28 00:00:00,2021-10-29 11:00:00,0.9,21.5,572,0,0.5591929034707468,0.8290375725550417,56,S2,2021-10-28 08:00:00
2021-10-28 00:00:00,2021-10-29 12:00:00,0.9,23.0,646,0,0.9612616959383187,-0.2756373558169998,344,S2,2021-10-28 08:00:00
2021-10-28 00:00:00,2021-10-29 13:00:00,2.3,25.4,665,0,0.7071067811865474,-0.7071067811865477,315,S1,2021-10-28 08:00:00
2021-10-28 00:00:00,2021-10-29 14:00:00,3.3,26.0,629,0,0.6156614753256585,-0.7880107536067218,308,S1,2021-10-28 08:00:00
2021-10-28 00:00:00,2021-10-29 15:00:00,4.5,25.3,539,0,0.656059028990507,-0.7547095802227722,311,S1,2021-10-28 08:00:00
2021-10-28 00:00:00,2021-10-29 16:00:00,4.6,23.4,403,0,0.7547095802227719,-0.6560590289905074,319,S1,2021-10-28 08:00:00
2021-10-28 00:00:00,2021-10-29 17:00:00,4.1,21.7,229,0,0.8191520442889916,-0.5735764363510465,325,S1,2021-10-28 08:00:00
2021-10-28 00:00:00,2021-10-29 18:00:00,3.1,20.0,29,0,0.8746197071393959,-0.4848096202463369,331,S1,2021-10-28 08:00:00
2021-10-28 00:00:00,2021-10-29 19:00:00,2.3,18.9,0,0,0.9205048534524399,-0.3907311284892747,337,S1,2021-10-28 08:00:00
2021-10-28 00:00:00,2021-10-29 20:00:00,1.4,17.8,0,0,0.9945218953682733,-0.10452846326765342,354,S1,2021-10-28 08:00:00
2021-10-28 00:00:00,2021-10-29 21:00:00,0.8,16.8,0,0,0.838670567945424,0.5446390350150271,33,S2,2021-10-28 08:00:00
2021-10-28 00:00:00,2021-10-29 22:00:00,0.8,16.1,0,0,0.46947156278589086,0.8829475928589269,62,S2,2021-10-28 08:00:00
2021-10-28 00:00:00,2021-10-29 23:00:00,1.0,15.6,0,0,0.17364817766693041,0.984807753012208,80,S2,2021-10-28 08:00:00
2021-10-29 00:00:00,2021-10-29 00:00:00,1.1,17.4,0,0,0.5000000000000001,0.8660254037844386,60,S1,2021-10-29 08:00:00
2021-10-29 00:00:00,2021-10-29 01:00:00,1.2,17.1,0,0,-0.017452406437283477,0.9998476951563913,91,S1,2021-10-29 08:00:00
2021-10-29 00:00:00,2021-10-29 02:00:00,1.2,16.9,0,0,-0.08715574274765824,0.9961946980917455,95,S1,2021-10-29 08:00:00
2021-10-29 00:00:00,2021-10-29 03:00:00,0.8,16.4,0,0,-0.017452406437283477,0.9998476951563913,91,S2,2021-10-29 08:00:00
2021-10-29 00:00:00,2021-10-29 04:00:00,0.4,15.9,0,0,0.43837114678907746,0.898794046299167,64,S3,2021-10-29 08:00:00
2021-10-29 00:00:00,2021-10-29 05:00:00,0.4,15.6,0,0,-0.13917310096006535,0.9902680687415704,98,S3,2021-10-29 08:00:00
2021-10-29 00:00:00,2021-10-29 06:00:00,0.9,15.7,0,0,-0.6560590289905075,0.7547095802227718,131,S2b,2021-10-29 08:00:00
2021-10-29 00:00:00,2021-10-29 07:00:00,1.4,16.3,0,0,-0.3420201433256687,0.9396926207859084,110,S2b,2021-10-29 08:00:00
2021-10-29 00:00:00,2021-10-29 08:00:00,1.6,17.5,86,0,-0.05233595624294362,0.9986295347545738,93,S1,2021-10-29 08:00:00
2021-10-29 00:00:00,2021-10-29 09:00:00,2.1,19.3,245,0,0.20791169081775945,0.9781476007338056,78,S1,2021-10-29 08:00:00
2021-10-29 00:00:00,2021-10-29 10:00:00,1.9,20.8,445,0,0.10452846326765346,0.9945218953682733,84,S1,2021-10-29 08:00:00
2021-10-29 00:00:00,2021-10-29 11:00:00,1.2,22.2,562,0,0.17364817766693041,0.984807753012208,80,S1,2021-10-29 08:00:00
2021-10-29 00:00:00,2021-10-29 12:00:00,1.0,23.6,531,0,0.9563047559630357,-0.29237170472273627,343,S2,2021-10-29 08:00:00
2021-10-29 00:00:00,2021-10-29 13:00:00,2.3,25.6,405,0,0.6293203910498375,-0.7771459614569708,309,S1,2021-10-29 08:00:00
2021-10-29 00:00:00,2021-10-29 14:00:00,3.6,26.2,540,0,0.5299192642332047,-0.8480480961564261,302,S2,2021-10-29 08:00:00
2021-10-29 00:00:00,2021-10-29 15:00:00,4.3,25.5,351,0,0.5446390350150266,-0.8386705679454243,303,S1,2021-10-29 08:00:00
2021-10-29 00:00:00,2021-10-29 16:00:00,4.7,23.8,331,0,0.6691306063588578,-0.7431448254773946,312,S1,2021-10-29 08:00:00
2021-10-29 00:00:00,2021-10-29 17:00:00,3.9,22.0,153,0,0.7431448254773942,-0.6691306063588581,318,S1,2021-10-29 08:00:00
2021-10-29 00:00:00,2021-10-29 18:00:00,3.2,20.1,0,0,0.7431448254773942,-0.6691306063588581,318,S1,2021-10-29 08:00:00
2021-10-29 00:00:00,2021-10-29 19:00:00,2.4,18.9,0,0,0.7660444431189778,-0.6427876096865396,320,S1,2021-10-29 08:00:00
2021-10-29 00:00:00,2021-10-29 20:00:00,0.8,17.8,0,0,0.7313537016191707,-0.6819983600624983,317,S2,2021-10-29 08:00:00
2021-10-29 00:00:00,2021-10-29 21:00:00,0.3,16.8,0,0,-0.9781476007338057,0.20791169081775931,168,S4,2021-10-29 08:00:00
2021-10-29 00:00:00,2021-10-29 22:00:00,1.1,16.4,0,0,-0.9271838545667873,0.37460659341591224,158,S3b,2021-10-29 08:00:00
2021-10-29 00:00:00,2021-10-29 23:00:00,1.3,16.0,0,0,-0.8746197071393957,0.48480962024633717,151,S3b,2021-10-29 08:00:00
2021-10-29 00:00:00,2021-10-30 00:00:00,1.3,15.6,0,0,-0.8191520442889916,0.5735764363510464,145,S2b,2021-10-29 08:00:00
2021-10-29 00:00:00,2021-10-30 01:00:00,1.4,15.3,0,0,-0.8191520442889916,0.5735764363510464,145,S2b,2021-10-29 08:00:00
2021-10-29 00:00:00,2021-10-30 02:00:00,1.1,14.9,0,0,-0.7986355100472929,0.6018150231520482,143,S2b,2021-10-29 08:00:00
2021-10-29 00:00:00,2021-10-30 03:00:00,0.7,14.5,0,0,-0.8290375725550416,0.5591929034707469,146,S3b,2021-10-29 08:00:00
2021-10-29 00:00:00,2021-10-30 04:00:00,0.6,14.2,0,0,-0.9135454576426008,0.40673664307580043,156,S3b,2021-10-29 08:00:00
2021-10-29 00:00:00,2021-10-30 05:00:00,0.5,13.8,0,0,-0.9659258262890682,0.258819045102521,165,S3b,2021-10-29 08:00:00
2021-10-29 00:00:00,2021-10-30 06:00:00,0.5,13.5,0,0,-0.9271838545667873,0.37460659341591224,158,S4,2021-10-29 08:00:00
2021-10-29 00:00:00,2021-10-30 07:00:00,0.5,13.3,0,0,-0.7986355100472929,0.6018150231520482,143,S2b,2021-10-29 08:00:00
2021-10-29 00:00:00,2021-10-30 08:00:00,0.9,14.6,129,0,-0.7193398003386513,0.6946583704589971,136,S2b,2021-10-29 08:00:00
2021-10-29 00:00:00,2021-10-30 09:00:00,0.8,17.4,308,0,-0.6293203910498373,0.777145961456971,129,S2b,2021-10-29 08:00:00
2021-10-29 00:00:00,2021-10-30 10:00:00,0.2,19.0,476,0,-0.9975640502598243,-0.06975647374412483,184,S4,2021-10-29 08:00:00
2021-10-29 00:00:00,2021-10-30 11:00:00,1.2,22.0,601,0,0.20791169081775857,-0.9781476007338058,282,S2b,2021-10-29 08:00:00
2021-10-29 00:00:00,2021-10-30 12:00:00,2.6,24.1,670,0,0.30901699437494723,-0.9510565162951536,288,S2,2021-10-29 08:00:00
2021-10-29 00:00:00,2021-10-30 13:00:00,3.2,24.7,662,0,0.2923717047227367,-0.9563047559630354,287,S2,2021-10-29 08:00:00
2021-10-29 00:00:00,2021-10-30 14:00:00,3.1,24.9,584,0,0.17364817766692997,-0.9848077530122081,280,S2,2021-10-29 08:00:00
2021-10-29 00:00:00,2021-10-30 15:00:00,3.3,24.6,495,0,0.22495105434386492,-0.9743700647852352,283,S2,2021-10-29 08:00:00
2021-10-29 00:00:00,2021-10-30 16:00:00,3.4,23.3,346,0,0.35836794954529955,-0.9335804264972021,291,S2,2021-10-29 08:00:00
2021-10-29 00:00:00,2021-10-30 17:00:00,3.1,21.5,174,0,0.5150380749100542,-0.8571673007021123,301,S2,2021-10-29 08:00:00
2021-10-29 00:00:00,2021-10-30 18:00:00,2.1,19.5,0,0,0.656059028990507,-0.7547095802227722,311,S1,2021-10-29 08:00:00
2021-10-29 00:00:00,2021-10-30 19:00:00,0.5,18.1,0,0,0.9271838545667873,-0.37460659341591235,338,S2,2021-10-29 08:00:00
2021-10-29 00:00:00,2021-10-30 20:00:00,0.3,16.9,0,0,0.2419218955996679,0.9702957262759965,76,S3,2021-10-29 08:00:00
2021-10-29 00:00:00,2021-10-30 21:00:00,0.4,16.2,0,0,0.5446390350150272,0.8386705679454239,57,S3,2021-10-29 08:00:00
2021-10-29 00:00:00,2021-10-30 22:00:00,0.9,16.0,0,0,0.5299192642332049,0.8480480961564261,58,S2,2021-10-29 08:00:00
2021-10-29 00:00:00,2021-10-30 23:00:00,1.4,15.9,0,0,0.39073112848927394,0.9205048534524403,67,S1,2021-10-29 08:00:00
2021-10-29 12:00:00,2021-10-29 22:00:00,0.7,16.3,0,0,-0.754709580222772,0.6560590289905073,139,S2b,2021-10-29 20:00:00
2021-10-29 12:00:00,2021-10-29 23:00:00,0.8,15.8,0,0,-0.8386705679454242,0.5446390350150269,147,S3b,2021-10-29 20:00:00
2021-10-29 12:00:00,2021-10-29 12:00:00,0.9,22.3,646,0,0.9563047559630357,-0.29237170472273627,343,S2,2021-10-29 20:00:00
2021-10-29 12:00:00,2021-10-29 13:00:00,2.3,25.1,665,0,0.7193398003386509,-0.6946583704589976,316,S1,2021-10-29 20:00:00
2021-10-29 12:00:00,2021-10-29 14:00:00,2.9,25.8,629,0,0.6293203910498375,-0.7771459614569708,309,S1,2021-10-29 20:00:00
2021-10-29 12:00:00,2021-10-29 15:00:00,3.6,25.9,539,0,0.5591929034707462,-0.8290375725550421,304,S1,2021-10-29 20:00:00
2021-10-29 12:00:00,2021-10-29 16:00:00,4.2,24.6,403,0,0.6691306063588578,-0.7431448254773946,312,S1,2021-10-29 20:00:00
2021-10-29 12:00:00,2021-10-29 17:00:00,3.9,22.7,229,0,0.7771459614569706,-0.6293203910498378,321,S1,2021-10-29 20:00:00
2021-10-29 12:00:00,2021-10-29 18:00:00,2.9,20.8,29,0,0.8191520442889916,-0.5735764363510465,325,S1,2021-10-29 20:00:00
2021-10-29 12:00:00,2021-10-30 00:00:00,0.6,15.3,0,0,-0.7986355100472929,0.6018150231520482,143,S2b,2021-10-29 20:00:00
2021-10-29 12:00:00,2021-10-30 01:00:00,0.7,14.9,0,0,-0.754709580222772,0.6560590289905073,139,S2b,2021-10-29 20:00:00
2021-10-29 12:00:00,2021-10-30 02:00:00,0.6,14.5,0,0,-0.6560590289905075,0.7547095802227718,131,S2b,2021-10-29 20:00:00
2021-10-29 12:00:00,2021-10-30 05:00:00,0.7,13.8,0,0,-0.5299192642332048,0.8480480961564261,122,S2b,2021-10-29 20:00:00
2021-10-29 12:00:00,2021-10-30 06:00:00,0.9,13.6,0,0,-0.7880107536067219,0.6156614753256584,142,S2b,2021-10-29 20:00:00
2021-10-29 12:00:00,2021-10-30 07:00:00,1.2,13.5,0,0,-0.9135454576426008,0.40673664307580043,156,S3b,2021-10-29 20:00:00
2021-10-29 12:00:00,2021-10-30 08:00:00,1.2,14.7,90,0,-0.9205048534524402,0.39073112848927416,157,S3b,2021-10-29 20:00:00
2021-10-29 12:00:00,2021-10-30 09:00:00,1.1,17.8,283,0,-0.9271838545667873,0.37460659341591224,158,S3b,2021-10-29 20:00:00
2021-10-29 12:00:00,2021-10-30 10:00:00,1.3,20.7,446,0,-0.798635510047293,-0.601815023152048,217,S2b,2021-10-29 20:00:00
2021-10-29 12:00:00,2021-10-30 11:00:00,2.2,23.0,568,0,-0.22495105434386525,-0.9743700647852351,257,S2,2021-10-29 20:00:00
2021-10-29 12:00:00,2021-10-30 12:00:00,3.1,24.0,642,0,0.06975647374412522,-0.9975640502598243,274,S2,2021-10-29 20:00:00
2021-10-29 12:00:00,2021-10-30 13:00:00,3.6,24.2,661,0,0.20791169081775857,-0.9781476007338058,282,S2,2021-10-29 20:00:00
2021-10-29 12:00:00,2021-10-30 14:00:00,3.6,23.9,624,0,0.24192189559966742,-0.9702957262759966,284,S2,2021-10-29 20:00:00
2021-10-29 12:00:00,2021-10-30 15:00:00,3.2,23.5,535,0,0.19080899537654425,-0.9816271834476641,281,S2,2021-10-29 20:00:00
2021-10-29 12:00:00,2021-10-30 16:00:00,2.8,22.7,399,0,0.10452846326765299,-0.9945218953682734,276,S2,2021-10-29 20:00:00
2021-10-29 12:00:00,2021-10-30 17:00:00,2.4,21.4,225,0,0.08715574274765789,-0.9961946980917455,275,S2,2021-10-29 20:00:00
2021-10-29 12:00:00,2021-10-30 18:00:00,1.7,19.6,25,0,0.19080899537654425,-0.9816271834476641,281,S2b,2021-10-29 20:00:00
2021-10-29 12:00:00,2021-10-30 19:00:00,0.5,18.1,0,0,-0.03489949670250165,-0.9993908270190957,268,S2b,2021-10-29 20:00:00
2021-10-29 12:00:00,2021-10-30 20:00:00,0.4,16.8,0,0,-0.9455185755993167,-0.32556815445715676,199,S4,2021-10-29 20:00:00
2021-10-29 12:00:00,2021-10-30 21:00:00,0.2,15.7,0,0,-0.9271838545667873,0.37460659341591224,158,S4,2021-10-29 20:00:00
2021-10-29 12:00:00,2021-10-31 00:00:00,1.3,14.5,0,0,-0.3255681544571564,0.9455185755993168,109,S2b,2021-10-29 20:00:00
2021-10-29 12:00:00,2021-10-31 01:00:00,1.1,14.2,0,0,-0.24192189559966779,0.9702957262759965,104,S2b,2021-10-29 20:00:00
2021-10-30 00:00:00,2021-10-30 00:00:00,0.9,15.0,0,0,-0.29237170472273666,0.9563047559630355,107,S2b,2021-10-30 08:00:00
2021-10-30 00:00:00,2021-10-30 01:00:00,1.3,15.0,0,0,-0.4383711467890775,0.8987940462991669,116,S2b,2021-10-30 08:00:00
2021-10-30 00:00:00,2021-10-30 02:00:00,1.1,14.7,0,0,-0.3420201433256687,0.9396926207859084,110,S2b,2021-10-30 08:00:00
2021-10-30 00:00:00,2021-10-30 03:00:00,0.9,14.3,0,0,-0.06975647374412533,0.9975640502598242,94,S2,2021-10-30 08:00:00
2021-10-30 00:00:00,2021-10-30 04:00:00,0.9,14.1,0,0,0.03489949670250108,0.9993908270190958,88,S2,2021-10-30 08:00:00
2021-10-30 00:00:00,2021-10-30 05:00:00,0.9,13.9,0,0,0.052335956242943966,0.9986295347545738,87,S2,2021-10-30 08:00:00
2021-10-30 00:00:00,2021-10-30 06:00:00,1.2,13.8,0,0,-0.35836794954530027,0.9335804264972017,111,S2b,2021-10-30 08:00:00
2021-10-30 00:00:00,2021-10-30 07:00:00,1.3,13.6,0,0,-0.5735764363510458,0.819152044288992,125,S2b,2021-10-30 08:00:00
2021-10-30 00:00:00,2021-10-30 08:00:00,1.3,14.8,90,0,-0.6156614753256583,0.788010753606722,128,S2b,2021-10-30 08:00:00
2021-10-30 00:00:00,2021-10-30 09:00:00,1.0,17.6,283,0,-0.6560590289905075,0.7547095802227718,131,S2b,2021-10-30 08:00:00
2021-10-30 00:00:00,2021-10-30 10:00:00,0.9,20.4,446,0,-0.6691306063588585,-0.743144825477394,228,S2b,2021-10-30 08:00:00
2021-10-30 00:00:00,2021-10-30 11:00:00,2.2,23.0,568,0,-1.8369701987210297e-16,-1.0,270,S2,2021-10-30 08:00:00
2021-10-30 00:00:00,2021-10-30 12:00:00,3.1,24.1,642,0,0.17364817766692997,-0.9848077530122081,280,S2,2021-10-30 08:00:00
2021-10-30 00:00:00,2021-10-30 13:00:00,3.6,24.4,661,0,0.17364817766692997,-0.9848077530122081,280,S2,2021-10-30 08:00:00
2021-10-30 00:00:00,2021-10-30 14:00:00,3.7,24.1,624,0,0.22495105434386492,-0.9743700647852352,283,S2,2021-10-30 08:00:00
2021-10-30 00:00:00,2021-10-30 15:00:00,3.3,23.5,535,0,0.20791169081775857,-0.9781476007338058,282,S2,2021-10-30 08:00:00
2021-10-30 00:00:00,2021-10-30 16:00:00,2.7,22.8,399,0,0.17364817766692997,-0.9848077530122081,280,S2,2021-10-30 08:00:00
2021-10-30 00:00:00,2021-10-30 17:00:00,2.0,21.7,225,0,0.10452846326765299,-0.9945218953682734,276,S2b,2021-10-30 08:00:00
2021-10-30 00:00:00,2021-10-30 18:00:00,1.1,20.3,25,0,-1.8369701987210297e-16,-1.0,270,S2b,2021-10-30 08:00:00
2021-10-30 00:00:00,2021-10-30 19:00:00,0.6,18.6,0,0,-0.2079116908177598,-0.9781476007338056,258,S2b,2021-10-30 08:00:00
2021-10-30 00:00:00,2021-10-30 20:00:00,0.3,17.1,0,0,0.4848096202463365,-0.8746197071393961,299,S4,2021-10-30 08:00:00
2021-10-30 00:00:00,2021-10-30 21:00:00,0.6,16.1,0,0,0.9993908270190958,0.03489949670250097,2,S2,2021-10-30 08:00:00
2021-10-30 00:00:00,2021-10-30 22:00:00,0.9,15.5,0,0,0.9205048534524404,0.3907311284892737,23,S2,2021-10-30 08:00:00
2021-10-30 00:00:00,2021-10-30 23:00:00,1.0,15.0,0,0,0.6018150231520484,0.7986355100472928,53,S1,2021-10-30 08:00:00
2021-10-30 00:00:00,2021-10-31 00:00:00,1.3,14.9,0,0,-0.05233595624294362,0.9986295347545738,93,S1,2021-10-30 08:00:00
2021-10-30 00:00:00,2021-10-31 01:00:00,1.3,14.7,0,0,-0.4067366430758001,0.913545457642601,114,S2b,2021-10-30 08:00:00
2021-10-30 00:00:00,2021-10-31 02:00:00,1.0,14.3,0,0,-0.3420201433256687,0.9396926207859084,110,S2b,2021-10-30 08:00:00
2021-10-30 00:00:00,2021-10-31 03:00:00,0.8,13.9,0,0,0.017452406437283376,0.9998476951563913,89,S2,2021-10-30 08:00:00
2021-10-30 00:00:00,2021-10-31 04:00:00,0.9,13.7,0,0,0.5591929034707468,0.8290375725550417,56,S2,2021-10-30 08:00:00
2021-10-30 00:00:00,2021-10-31 05:00:00,1.3,13.6,0,0,0.6156614753256583,0.788010753606722,52,S1,2021-10-30 08:00:00
2021-10-30 00:00:00,2021-10-31 06:00:00,1.6,13.6,0,0,0.5000000000000001,0.8660254037844386,60,S1,2021-10-30 08:00:00
2021-10-30 00:00:00,2021-10-31 07:00:00,1.7,13.6,0,0,0.5150380749100543,0.8571673007021122,59,S1,2021-10-30 08:00:00
2021-10-30 00:00:00,2021-10-31 08:00:00,1.8,14.4,87,0,0.5150380749100543,0.8571673007021122,59,S1,2021-10-30 08:00:00
2021-10-30 00:00:00,2021-10-31 09:00:00,1.4,16.2,279,0,0.3583679495453004,0.9335804264972017,69,S1,2021-10-30 08:00:00
2021-10-30 00:00:00,2021-10-31 10:00:00,2.3,20.1,442,0,0.6560590289905073,0.754709580222772,49,S1,2021-10-30 08:00:00
2021-10-30 00:00:00,2021-10-31 11:00:00,1.7,22.7,564,0,0.7771459614569709,0.6293203910498374,39,S1,2021-10-30 08:00:00
2021-10-30 00:00:00,2021-10-31 12:00:00,1.4,24.8,638,0,0.9975640502598243,-0.06975647374412476,356,S1,2021-10-30 08:00:00
2021-10-30 00:00:00,2021-10-31 13:00:00,2.3,26.8,657,0,0.8290375725550414,-0.5591929034707473,326,S1,2021-10-30 08:00:00
2021-10-30 00:00:00,2021-10-31 14:00:00,3.3,27.7,620,0,0.7771459614569706,-0.6293203910498378,321,S1,2021-10-30 08:00:00
2021-10-30 00:00:00,2021-10-31 15:00:00,3.9,27.4,531,0,0.8090169943749473,-0.5877852522924734,324,S1,2021-10-30 08:00:00
2021-10-30 00:00:00,2021-10-31 16:00:00,4.0,26.4,395,0,0.882947592858927,-0.4694715627858908,332,S1,2021-10-30 08:00:00
2021-10-30 00:00:00,2021-10-31 17:00:00,3.7,24.8,222,0,0.9396926207859084,-0.3420201433256686,340,S1,2021-10-30 08:00:00
2021-10-30 00:00:00,2021-10-31 18:00:00,3.1,22.5,22,0,0.9876883405951377,-0.1564344650402311,351,S1,2021-10-30 08:00:00
2021-10-30 00:00:00,2021-10-31 19:00:00,2.6,20.5,0,0,0.9945218953682733,0.10452846326765346,6,S1,2021-10-30 08:00:00
2021-10-30 00:00:00,2021-10-31 20:00:00,2.1,19.0,0,0,0.882947592858927,0.4694715627858908,28,S1,2021-10-30 08:00:00
2021-10-30 00:00:00,2021-10-31 21:00:00,1.9,17.8,0,0,0.7313537016191706,0.6819983600624985,43,S1,2021-10-30 08:00:00
2021-10-30 00:00:00,2021-10-31 22:00:00,2.1,17.0,0,0,0.766044443118978,0.6427876096865393,40,S1,2021-10-30 08:00:00
2021-10-30 00:00:00,2021-10-31 23:00:00,2.6,16.5,0,0,0.754709580222772,0.6560590289905072,41,S1,2021-10-30 08:00:00
2021-10-31 00:00:00,2021-10-31 00:00:00,0.8,14.2,0,0,-0.017452406437283477,0.9998476951563913,91,S2,2021-10-31 08:00:00
2021-10-31 00:00:00,2021-10-31 01:00:00,1.8,14.6,0,0,-0.6156614753256583,0.788010753606722,128,S2b,2021-10-31 08:00:00
2021-10-31 00:00:00,2021-10-31 02:00:00,2.0,14.7,0,0,-0.5446390350150271,0.838670567945424,123,S2,2021-10-31 08:00:00
2021-10-31 00:00:00,2021-10-31 03:00:00,1.9,14.6,0,0,-0.35836794954530027,0.9335804264972017,111,S2b,2021-10-31 08:00:00
2021-10-31 00:00:00,2021-10-31 04:00:00,1.9,14.4,0,0,-0.1908089953765448,0.981627183447664,101,S2b,2021-10-31 08:00:00
2021-10-31 00:00:00,2021-10-31 05:00:00,2.2,14.4,0,0,-0.27563735581699905,0.9612616959383189,106,S2,2021-10-31 08:00:00
2021-10-31 00:00:00,2021-10-31 06:00:00,2.3,14.3,0,0,-0.27563735581699905,0.9612616959383189,106,S2,2021-10-31 08:00:00
2021-10-31 00:00:00,2021-10-31 07:00:00,1.9,14.1,0,0,-0.10452846326765333,0.9945218953682734,96,S1,2021-10-31 08:00:00
2021-10-31 00:00:00,2021-10-31 08:00:00,1.4,14.9,133,0,0.22495105434386492,0.9743700647852352,77,S1,2021-10-31 08:00:00
2021-10-31 00:00:00,2021-10-31 09:00:00,1.3,19.0,313,0,0.766044443118978,0.6427876096865393,40,S1,2021-10-31 08:00:00
2021-10-31 00:00:00,2021-10-31 10:00:00,1.7,21.8,476,0,0.9998476951563913,-0.01745240643728445,359,S1,2021-10-31 08:00:00
2021-10-31 00:00:00,2021-10-31 11:00:00,1.9,24.2,602,0,0.981627183447664,-0.19080899537654467,349,S1,2021-10-31 08:00:00
2021-10-31 00:00:00,2021-10-31 12:00:00,2.0,26.2,674,0,0.8660254037844384,-0.5000000000000004,330,S1,2021-10-31 08:00:00
2021-10-31 00:00:00,2021-10-31 13:00:00,2.7,27.8,681,0,0.7771459614569706,-0.6293203910498378,321,S1,2021-10-31 08:00:00
2021-10-31 00:00:00,2021-10-31 14:00:00,3.5,28.4,622,0,0.7771459614569706,-0.6293203910498378,321,S1,2021-10-31 08:00:00
2021-10-31 00:00:00,2021-10-31 15:00:00,4.1,28.1,505,0,0.838670567945424,-0.544639035015027,327,S1,2021-10-31 08:00:00
2021-10-31 00:00:00,2021-10-31 16:00:00,4.5,26.9,348,0,0.9335804264972015,-0.35836794954530077,339,S1,2021-10-31 08:00:00
2021-10-31 00:00:00,2021-10-31 17:00:00,4.4,25.0,174,0,0.992546151641322,-0.12186934340514811,353,S1,2021-10-31 08:00:00
2021-10-31 00:00:00,2021-10-31 18:00:00,4.1,22.5,0,0,0.9961946980917455,0.08715574274765817,5,S1,2021-10-31 08:00:00
2021-10-31 00:00:00,2021-10-31 19:00:00,3.9,20.5,0,0,0.9563047559630354,0.29237170472273677,17,S1,2021-10-31 08:00:00
2021-10-31 00:00:00,2021-10-31 20:00:00,3.5,19.0,0,0,0.8660254037844387,0.49999999999999994,30,S1,2021-10-31 08:00:00
2021-10-31 00:00:00,2021-10-31 21:00:00,3.0,18.0,0,0,0.7771459614569709,0.6293203910498374,39,S1,2021-10-31 08:00:00
2021-10-31 00:00:00,2021-10-31 22:00:00,3.0,17.5,0,0,0.788010753606722,0.6156614753256582,38,S1,2021-10-31 08:00:00
2021-10-31 00:00:00,2021-10-31 23:00:00,3.1,17.2,0,0,0.7986355100472928,0.6018150231520483,37,S1,2021-10-31 08:00:00
2021-10-31 00:00:00,2021-11-01 00:00:00,2.9,17.1,0,0,0.754709580222772,0.6560590289905072,41,S1,2021-10-31 08:00:00
2021-10-31 00:00:00,2021-11-01 01:00:00,2.7,17.0,0,0,0.6946583704589974,0.7193398003386511,46,S1,2021-10-31 08:00:00
2021-10-31 00:00:00,2021-11-01 02:00:00,2.6,16.9,0,0,0.6427876096865394,0.766044443118978,50,S1,2021-10-31 08:00:00
2021-10-31 00:00:00,2021-11-01 03:00:00,2.6,16.8,0,0,0.5877852522924731,0.8090169943749475,54,S1,2021-10-31 08:00:00
2021-10-31 00:00:00,2021-11-01 04:00:00,2.7,16.7,0,0,0.5446390350150272,0.8386705679454239,57,S1,2021-10-31 08:00:00
2021-10-31 00:00:00,2021-11-01 05:00:00,3.0,16.6,0,0,0.46947156278589086,0.8829475928589269,62,S1,2021-10-31 08:00:00
2021-10-31 00:00:00,2021-11-01 06:00:00,3.3,16.6,0,0,0.43837114678907746,0.898794046299167,64,S1,2021-10-31 08:00:00
2021-10-31 00:00:00,2021-11-01 07:00:00,3.6,16.4,0,0,0.42261826174069944,0.9063077870366499,65,S1,2021-10-31 08:00:00
2021-10-31 00:00:00,2021-11-01 08:00:00,3.9,16.4,115,0,0.43837114678907746,0.898794046299167,64,S1,2021-10-31 08:00:00
2021-10-31 00:00:00,2021-11-01 09:00:00,4.1,17.6,296,0,0.5000000000000001,0.8660254037844386,60,S1,2021-10-31 08:00:00
2021-10-31 00:00:00,2021-11-01 10:00:00,4.3,19.8,471,0,0.5591929034707468,0.8290375725550417,56,S1,2021-10-31 08:00:00
2021-10-31 00:00:00,2021-11-01 11:00:00,4.4,22.5,598,0,0.6560590289905073,0.754709580222772,49,S1,2021-10-31 08:00:00
2021-10-31 00:00:00,2021-11-01 12:00:00,4.2,24.9,669,0,0.7771459614569709,0.6293203910498374,39,S1,2021-10-31 08:00:00
2021-10-31 00:00:00,2021-11-01 13:00:00,4.1,26.8,677,0,0.898794046299167,0.4383711467890774,26,S1,2021-10-31 08:00:00
2021-10-31 00:00:00,2021-11-01 14:00:00,4.5,27.9,620,0,0.9702957262759965,0.24192189559966773,14,S1,2021-10-31 08:00:00
2021-10-31 00:00:00,2021-11-01 15:00:00,4.7,28.0,505,0,0.9659258262890683,0.25881904510252074,15,S1,2021-10-31 08:00:00
2021-10-31 00:00:00,2021-11-01 16:00:00,4.5,27.6,349,0,0.9510565162951535,0.3090169943749474,18,S1,2021-10-31 08:00:00
2021-10-31 00:00:00,2021-11-01 17:00:00,4.9,26.1,171,0,0.9743700647852352,0.224951054343865,13,S1,2021-10-31 08:00:00
2021-10-31 00:00:00,2021-11-01 18:00:00,5.3,23.3,0,0,0.9612616959383189,0.27563735581699916,16,S1,2021-10-31 08:00:00
2021-10-31 00:00:00,2021-11-01 19:00:00,5.2,21.2,0,0,0.9135454576426009,0.40673664307580015,24,S1,2021-10-31 08:00:00
2021-10-31 00:00:00,2021-11-01 20:00:00,4.8,20.1,0,0,0.8571673007021123,0.5150380749100542,31,S1,2021-10-31 08:00:00
2021-10-31 00:00:00,2021-11-01 21:00:00,4.7,19.2,0,0,0.8290375725550417,0.5591929034707469,34,S1,2021-10-31 08:00:00
2021-10-31 00:00:00,2021-11-01 22:00:00,4.6,18.6,0,0,0.788010753606722,0.6156614753256582,38,S1,2021-10-31 08:00:00
2021-10-31 00:00:00,2021-11-01 23:00:00,4.4,18.6,0,0,0.754709580222772,0.6560590289905072,41,S1,2021-10-31 08:00:00
